-- phpMyAdmin SQL Dump
-- version 5.2.1
-- https://www.phpmyadmin.net/
--
-- Host: localhost:3306
-- Generation Time: Jul 10, 2024 at 10:34 PM
-- Server version: 10.6.17-MariaDB
-- PHP Version: 8.1.28

SET FOREIGN_KEY_CHECKS=0;
SET SQL_MODE = "NO_AUTO_VALUE_ON_ZERO";
START TRANSACTION;
SET time_zone = "+00:00";


/*!40101 SET @OLD_CHARACTER_SET_CLIENT=@@CHARACTER_SET_CLIENT */;
/*!40101 SET @OLD_CHARACTER_SET_RESULTS=@@CHARACTER_SET_RESULTS */;
/*!40101 SET @OLD_COLLATION_CONNECTION=@@COLLATION_CONNECTION */;
/*!40101 SET NAMES utf8mb4 */;

--
-- Database: `db_dev`
--
CREATE DATABASE IF NOT EXISTS `db_dev` DEFAULT CHARACTER SET utf8mb4 COLLATE utf8mb4_general_ci;
USE `db_dev`;

--
-- Dumping data for table `bills`
--

INSERT INTO `bills` (`id`, `payment_at`, `total`, `user_id`, `transaction_id`, `change_point`, `cancel_reason`, `status`, `create_time`, `cancel_date`) VALUES
                                                                                                                                                          (0x031cf16bfc944e7590bbe5e04926ec3e, NULL, 50000, 0x49c64e33d27338efa68c23e1aa16e499, 'b386b2cc-c407-3a63-b09f-c8f6230d9ac8', 0, NULL, 1, '2023-11-10 00:00:00.000000', NULL),
                                                                                                                                                          (0x04e6d2cb1a8048448d0c484057e05d63, NULL, 150000, 0x49c64e33d27338efa68c23e1aa16e499, '7c9d950b-4de5-36fc-a79e-fe1f233e60f8', 0, '\"Không coi nữa.\"', 3, '2023-10-27 00:00:00.000000', '2023-10-27 01:34:31.000000'),
                                                                                                                                                          (0x0d13aba8cca148aebde5dcb250644705, NULL, 150000, 0x49c64e33d27338efa68c23e1aa16e499, 'cf08b8ab-b73b-3536-881b-c78da79fafba', 0, NULL, 1, '2023-11-22 00:00:00.000000', NULL),
                                                                                                                                                          (0x442b8ee77f6d48ae866617a41b9ac882, '2023-11-29 21:57:20.833606', 100000, 0x49c64e33d27338efa68c23e1aa16e499, 'f4a724dd-5d85-33a1-a2cb-fc809b367c1c', 0, NULL, 2, '2023-11-29 00:00:00.000000', NULL),
                                                                                                                                                          (0x516cdf92447d46d2b2f713c67985233f, NULL, 200000, 0x49c64e33d27338efa68c23e1aa16e499, '3a30cb3c-7441-3f02-8012-43703cf1880d', 0, NULL, 1, '2023-11-14 00:00:00.000000', NULL),
                                                                                                                                                          (0x53db1ce614924807980804a3dc7765c5, '2024-06-01 16:19:33.849659', 100000, 0x76ea668f6c6b33bd8a9925f7eac2becf, '14439427', 0, '', 1, '2024-06-01 15:59:25.237000', NULL),
                                                                                                                                                          (0x577cc36a800e42fb956fd191b5cd6d94, '2023-10-28 00:00:00.000000', 190000, 0x49c64e33d27338efa68c23e1aa16e499, '15263ded-d328-3a72-8a05-b3f1f410bdde', 0, NULL, 2, '2023-10-28 00:00:00.000000', NULL),
                                                                                                                                                          (0x5e5c2ddb26c5474e86855be13f401599, NULL, 50000, 0xe33ffe0f51753ab0997167196c3fa9dc, '9821cd56-38a5-38f8-b6f6-3a40db5e8744', 0, NULL, 1, '2023-11-09 00:00:00.000000', NULL),
                                                                                                                                                          (0x6ad7e232c24249a8b658d15dcbf2f353, '2023-11-29 22:29:36.493181', 100000, 0x49c64e33d27338efa68c23e1aa16e499, 'dfb743b5-a8db-3ab7-9aa2-4b2ecb4a9835', 0, NULL, 2, '2023-11-29 00:00:00.000000', NULL),
                                                                                                                                                          (0x78598fef81524cbd9bf821620ce42a45, '2023-11-02 19:47:14.000000', 30000, 0x49c64e33d27338efa68c23e1aa16e499, '679c48de-1c32-3485-8a33-f828cbb32476', 20, NULL, 2, '2023-11-02 00:00:00.000000', NULL),
                                                                                                                                                          (0x79e2ac2bd0c14ae0878f5e558d782d3b, '2023-10-28 00:00:00.000000', 210000, 0x49c64e33d27338efa68c23e1aa16e499, 'c76bb79b-e360-32df-aace-15f907667ff2', 0, NULL, 2, '2023-10-28 00:00:00.000000', NULL),
                                                                                                                                                          (0xb76524a502bd4c51983286e933863f57, '2023-11-30 07:53:31.050337', 210000, 0x76ea668f6c6b33bd8a9925f7eac2becf, '2b4ffd73-00fc-3996-af24-b4be0dc0a275', 0, NULL, 2, '2023-11-30 00:00:00.000000', NULL),
                                                                                                                                                          (0xc86a74f8d7f24afb9675bc306c64e365, '2023-11-29 10:41:06.333967', 250000, 0x49c64e33d27338efa68c23e1aa16e499, 'ded00f7f-6fc6-3fbd-89e7-f8b4024cc3a1', 0, NULL, 2, '2023-11-29 00:00:00.000000', NULL),
                                                                                                                                                          (0xc9b50b86fae24e9e9811baa2e968d983, NULL, 120000, 0x49c64e33d27338efa68c23e1aa16e499, '9bdaf3aa-53e8-3dc8-b9f8-e4f3ab2f9179', 0, NULL, 1, '2023-11-14 00:00:00.000000', NULL),
                                                                                                                                                          (0xd464eb75b912498e809905a9f48ce78b, NULL, 250000, 0x76ea668f6c6b33bd8a9925f7eac2becf, '96da35e2-017f-310c-b0d3-314727c76a0b', 0, NULL, 1, '2023-11-23 00:00:00.000000', NULL),
                                                                                                                                                          (0xe772c5cc982d45a2a3d80e0a7e735fdf, NULL, 200000, 0x76ea668f6c6b33bd8a9925f7eac2becf, 'ad7c039a-a6b4-3597-a6dc-c19385ee03f4', 0, NULL, 1, '2023-11-23 00:00:00.000000', NULL);

--
-- Dumping data for table `bill_status`
--

INSERT INTO `bill_status` (`id`, `name`) VALUES
                                           (1, 'Unpaid'),
                                           (2, 'Paid'),
                                           (3, 'Cancel');

--
-- Dumping data for table `cinemas`
--

INSERT INTO `cinemas` (`id`, `address`, `city`, `district`, `name`, `description`, `phone_number`, `status`) VALUES
                                                                                                               (1, '466', 'HCM', '122', 'Galaxy Trung Chanh', 'Hệ thống rạp The Cinema được thiết kế sang trọng và tiện nghi. Khách hàng bước vào không gian rạp sẽ cảm nhận ngay sự thoải mái và tiện lợi từ việc sắp xếp ghế ngồi theo lối kiến trúc hiện đại, tạo nên không gian xem phim tuyệt vời. Mỗi phòng chiếu được trang bị hệ thống âm thanh vòm và màn hình siêu nét, mang đến trải nghiệm hình ảnh và âm thanh sống động, hấp dẫn.', '091222', 'OPENING'),
                                                                                                               (2, '116 Nguyễn Du, Quận 1, Tp.HCM', 'Tp.HCM', 'Quận 1', 'Galaxy Nguyễn Du', 'Hệ thống rạp The Cinema được thiết kế sang trọng và tiện nghi. Khách hàng bước vào không gian rạp sẽ cảm nhận ngay sự thoải mái và tiện lợi từ việc sắp xếp ghế ngồi theo lối kiến trúc hiện đại, tạo nên không gian xem phim tuyệt vời. Mỗi phòng chiếu được trang bị hệ thống âm thanh vòm và màn hình siêu nét, mang đến trải nghiệm hình ảnh và âm thanh sống động, hấp dẫn.', '09133333333', 'OPENING'),
                                                                                                               (3, '246 Nguyễn Hồng Đào, Q.TB, Tp.HCM', 'Tp.HCM', 'Quận Tân Bình', 'Galaxy Tân Bình', 'Hệ thống rạp The Cinema được thiết kế sang trọng và tiện nghi. Khách hàng bước vào không gian rạp sẽ cảm nhận ngay sự thoải mái và tiện lợi từ việc sắp xếp ghế ngồi theo lối kiến trúc hiện đại, tạo nên không gian xem phim tuyệt vời. Mỗi phòng chiếu được trang bị hệ thống âm thanh vòm và màn hình siêu nét, mang đến trải nghiệm hình ảnh và âm thanh sống động, hấp dẫn.', '09122222222', 'OPENING'),
                                                                                                               (4, '718bis Kinh Dương Vương, Q6, TpHCM.', 'Tp.HCM', 'Quận 6', 'Galaxy Kinh Dương Vương', NULL, '09122222222', 'CLOSED'),
                                                                                                               (5, 'Lầu 3, TTTM CoopMart Foodcosa số 304A, Quang Trung, P.11, Q. Gò Vấp, Tp.HCM', 'Tp.HCM', 'Quận Gò vấp', 'Galaxy Quang Trung', NULL, '09122222222', 'CLOSED'),
                                                                                                               (6, 'Lầu 1, TTTM Sense City 26A Trần Quốc Tuấn, Phường 4, TP. Bến Tre', 'Tp.Bến Tre', 'Phường 4', 'Galaxy Bến Tre', NULL, '09122222222', 'CLOSED'),
                                                                                                               (7, 'Tầng 6, TTTM Mipec Long Biên, Số 2, Phố Long Biên 2, Ngọc Lâm, Long Biên, Hà Nội', 'Tp.Hà Nội', 'Long Biên', 'Galaxy Mipec Long Biên', NULL, '09122222222', 'CLOSED'),
                                                                                                               (8, 'Tầng 3, TTTM Coop Mart, 478 Điện Biên Phủ, Quận Thanh Khê, Đà Nẵng', 'Tp.Đà Nẵng', 'Thanh Khê', 'Galaxy Đà Nẵng', NULL, '09122222222', 'CLOSED'),
                                                                                                               (9, 'Lầu 2, TTTM Sense City, số 9, Trần Hưng Đạo, P.5, Tp. Cà Mau', 'Tp.Cà Mau', 'Phường 5', 'Galaxy Cà Mau', NULL, '09122222222', 'CLOSED'),
                                                                                                               (10, 'TTVH Quận 12, Số 09 Quốc Lộ 22, P. Trung Mỹ Tây, Quận 12', 'Tp.HCM', 'Quận 12', 'Galaxy Trung Chánh', NULL, '09122222222', 'CLOSED'),
                                                                                                               (11, 'Lầu 2, TTTM Coopmart, số 1362 Huỳnh Tấn Phát, khu phố 1, Phường Phú Mỹ, Quận 7, Tp.Hồ Chí Minh, Việt Nam.', 'Tp.HCM', 'Quận 7', 'Galaxy Huỳnh Tấn Phát', NULL, '09122222222', 'CLOSED'),
                                                                                                               (12, 'Lầu 5, Trung tâm Giải Trí City HUB – số 1 Lê Hồng Phong, thành phố Vinh', 'Tp.Vinh', 'Null', 'Galaxy Vinh', NULL, '09122222222', 'CLOSED'),
                                                                                                               (13, 'Lầu 7, TTTM Nguyễn Kim - Sài Gòn Mall, số 104 Lương Khánh Thiện.', 'Tp.Hải Phòng', 'Null', 'Galaxy Hải Phòng', NULL, '09122222222', 'CLOSED'),
                                                                                                               (14, '119B Nguyễn Văn Quá, Phường Đông Hưng Thuận, Quận 12', 'Tp.HCM', 'Quận 12', 'Galaxy Nguyễn Văn Quá', NULL, '09122222222', 'CLOSED'),
                                                                                                               (15, 'Tầng trệt, TTTM Coop Mart Buôn Ma Thuột, số 71 Nguyễn Tất Thành, Phường Tân An, Tp. Buôn Ma Thuột, Tỉnh Đắk Lắk, Việt Nam', 'Tp.Buôn Ma Thuộc', 'Phường Tân An', 'Galaxy Buôn Ma Thuột', NULL, '09122222222', 'CLOSED'),
                                                                                                               (16, 'Tầng 1, TTTM Nguyễn Kim, số 01 Trần Hưng Đạo, Phường Mỹ Bình, Thành phố Long Xuyên', 'Tp.Long Xuyên', 'Phường Mỹ Đình', 'Galaxy Long Xuyên', NULL, '09122222222', 'CLOSED'),
                                                                                                               (17, 'Tầng trệt, TTTM Co.opXtra Linh Trung, số 934 Quốc Lộ 1A, Phường Linh Trung, Quận Thủ Đức, Thành phố Hồ Chí Minh, Việt Nam', 'Tp.HCM', 'Quanan Thủ Đức', 'Galaxy Co.opXtra Linh Trung', NULL, '09122222222', 'CLOSED'),
                                                                                                               (18, 'Tầng 3, Trung Tâm Thương Mại Nha Trang Center - 20 Trần Phú, Nha Trang, Khánh Hòa', 'Tp.Nha Trang', 'Null', 'Galaxy Nha Trang Center', NULL, '09122222222', 'CLOSED'),
                                                                                                               (19, 'Tầng 3 - Co.opMart TTTM Thắng Lợi - Số 2 Trường Chinh, Tây Thạnh, Tân Phú, Thành phố Hồ Chí Minh', 'Tp.HCM', 'Quận Tân Phú', 'Galaxy Trường Chinh', NULL, '09122222222', 'CLOSED');

--
-- Dumping data for table `cinemas_seq`
--

INSERT INTO `cinemas_seq` (`next_val`) VALUES
  (1);

--
-- Dumping data for table `customer_order_seq`
--

INSERT INTO `customer_order_seq` (`next_val`) VALUES
  (1);

--
-- Dumping data for table `movies`
--

INSERT INTO `movies` (`id`, `code`, `caster`, `description`, `director`, `language`, `name`, `sub_name`, `number_of_ratings`, `poster`, `rated`, `release_date`, `running_time`, `slug`, `trailer`, `end_date`, `horizontal_poster`, `sum_of_ratings`) VALUES
                                                                                                                                                                                                                                                         (1, 'mv-0001', 'Greta Lee, Teo Yoo', 'Muôn Kiếp Nhân Duyên xoay quanh hai nhân vật chính - Nora (Greta Lee) và Hae Sung (Teo Yoo). Tình bạn thân thiết của họ bị chia cắt khi Nora theo gia đình di cư khỏi Hàn Quốc vào năm 12 tuổi. 20 năm sau, như một mối duyên tiền định, họ gặp lại nhau tại Mỹ', 'Celine', 'Tiếng Anh', 'Past Lives', 'Muôn Kiếp Nhân Duyên', 3, 'https://cdn.discordapp.com/attachments/1159668660340789259/1169947106191093840/both-water.png?ex=65574126&is=6544cc26&hm=033c5de326692af06130dcc0e32cc684a441d99a98eecdc1c8e90cc028c27727&', 13, '2023-10-10', 106, 'past-lives', 'https://www.youtube.com/watch?v=lBdLBY249Do', '2023-11-25', 'https://cdn.discordapp.com/attachments/1159668660340789259/1170792832735387688/2-ga-ran.png?ex=655a54cb&is=6547dfcb&hm=9a0fcbd579af5a185b42278b807c3c3658a38c89ec598febf2d880daae1eb599&', 25),
                                                                                                                                                                                                                                                         (2, 'mv-0002', 'Patience Munchenbach, Guillaume Canet, Laetitia Dosch', 'Giữa một đợt nắng nóng bất thường, thì mây mưa giống như làn gió xua tan oi bức. Nhưng những đám mây kỳ lạ trên bầu trời nước Pháp lại đem tới cho con người sự huỷ diệt và chết chóc. Hàng loạt trận mưa axit đổ xuống, đốt cháy mạng sống của vạn vật dưới mặ', 'Just Philippot', 'Tiếng Anh', 'Acide', 'THẢM HỌA MƯA AXIT', 1, 'https://cdn.galaxycine.vn/media/2023/9/21/500x750_1695284002644.jpg', 13, '2024-03-16', 101, 'acide', 'https://www.youtube.com/watch?v=SdXxuuJmXm8', '2024-04-27', 'https://cdn.discordapp.com/attachments/1159668660340789259/1176092840787460186/dev.jpg?ex=656d9ccf&is=655b27cf&hm=d05be04a9afe9cea11e7a2104dd4ca46f184f1cbc5640454ce93aab4dd6ff022&', 10),
                                                                                                                                                                                                                                                         (3, 'mv-0003', 'Jin Seon-Kyu, Yoo Hae Jin, Kim Hee Seon', 'Chuyện phim xoay quanh nhân vật Chi-ho (Yoo Hae-jin) - nhà nghiên cứu bim bim với khả năng nếm vị xuất chúng, nhưng lại ngờ nghệch với mọi thứ xung quanh. Chi-ho là một người cực kỳ hướng nội, thích ở một mình và sống như một cái máy được lập trình sẵn mà', 'Lee Han', 'Tiếng Anh', 'Honey Sweet', 'NHÂN DUYÊN TIỀN ĐÌNH', 3, 'https://cdn.galaxycine.vn/media/2023/9/19/500x750_1695095394242.jpg', 13, '2023-11-10', 119, 'honey-sweet', 'https://www.youtube.com/watch?v=k6S4DE8P7mY', '2023-12-30', NULL, 11),
                                                                                                                                                                                                                                                         (4, 'mv-0004', 'Kristen Bell, Mckenna Grace, James Marsden', 'Một mảnh thiên thạch kỳ diệu đã rơi xuống Thành Phố Phiêu Lưu, mang đến siêu năng lực cho những chú cún PAW Patrol và biến chúng thành Những Chú Cún Quyền Năng. Phim mới PAW Patrol: Phim Siêu Đẳng ra m', 'Cal Brunker', 'Tiếng An', 'PAW Patrol: The Mighty Movie', 'PAW PATROL: PHIM SIÊU ĐẲNG', 5, 'https://cdn.discordapp.com/attachments/1157346998136090685/1179937231541121135/VerticalPoster06.png?ex=657b992e&is=6569242e&hm=f20b348160c498dc6d02440a5df0e8919a95c63a91dae482c631c48a5ce3ef1f&', 13, '2023-11-27', 93, 'paw-patrol-the-mighty-movie', 'https://www.youtube.com/watch?v=O_zaLcbqGtI', '2024-02-14', 'https://cdn.discordapp.com/attachments/1159668660340789259/1178269407802298408/4069621.jpg?ex=657587e6&is=656312e6&hm=db883b620f6f1700b739008ee1741cdd839f5d7e9ada1ff4986375bdc2dc225e&', 12),
                                                                                                                                                                                                                                                         (5, 'mv-0005', 'Minh Hoàng', 'Minh Hoàng: Điểm Sáng Trên Dòng Sóng Kỷ Nguyên Công Nghệ là một bộ phim tài liệu chân thực và đầy cảm hứng, khám phá cuộc đời đầy sóng gió của một lập trình viên tài năng mang tên Minh Hoàng. Phim dự kiến sẽ đưa người xem vào cuộc hành trình đầy thách thức của Minh Hoàng từ khi còn trẻ đến hình ảnh một nhà lập trình xuất sắc và sáng tạo.\n\nTrải qua những cuộc phỏng vấn chân thành và những cảnh quay tuyệt đẹp, bộ phim này sẽ khám phá sự khởi đầu của Minh Hoàng, từ việc bắt đầu học lập trình ở tuổi 12 tới những áp lực và khó khăn trong việc xây dựng sự nghiệp. Người xem sẽ thấy rằng Minh Hoàng đã phải đối mặt với những thử thách ngoạn mục, như thất bại trong các dự án quan trọng, căng thẳng tinh thần và áp lực của ngành công nghiệp công nghệ thông tin đầy cạnh tranh.\n\nTuy nhiên, bằng sự kiên trì và đam mê không ngừng, Minh Hoàng đã trở thành một lập trình viên nổi tiếng và tạo ra những ứng dụng và dự án ấn tượng. Cuộc hành trình này không chỉ đặt ra câu hỏi về sự hy sinh và tận tâm trong công việc, mà còn là câu chuyện về khát vọng, sự đổi mới và sức mạnh của kiến thức trong thời đại số hóa.\n\nMinh Hoàng: Điểm Sáng Trên Dòng Sóng Kỷ Nguyên Công Nghệ sẽ đưa người xem vào thế giới phức tạp và đầy cảm hứng của một lập trình viên tài năng, tạo nên cơ hội để họ hiểu thêm về cuộc đời và tinh thần lập trình viên xuất sắc. Phim không chỉ là một bức tranh về cá nhân, mà còn là cả một tượng đài cho sự khao khát và khả năng đổi đời của bất kỳ ai dám mơ ước và làm việc hết mình trong lĩnh vực công nghệ thông tin.', 'Thành Đạt', 'TIếng Em', 'Minh Hoàng đây rồi', 'Minh Hoang is here', 1, 'https://cdn.discordapp.com/attachments/1159668660340789259/1170768260313133167/255271622_957908704808243_8030076711602587439_n.jpg?ex=6575ed69&is=65637869&hm=4e259c85a4c685035526a302ae89d3e9b12a3ed5af3fbb8273b93e35cf02f596&', 18, '2023-12-06', 118, 'minh-hoang-ay-roi', 'https://www.youtube.com/watch?v=XC3ftnZ1WYk', '2024-01-06', 'https://cdn.discordapp.com/attachments/1159668660340789259/1179820926154575932/4081103.jpg?ex=657b2cdc&is=6568b7dc&hm=3cd1450f928ea23baaa2d962d2da052f3a0e1fba9a1c56aea9a852a536587894&', 1),
                                                                                                                                                                                                                                                         (6, 'mv-0006', '  Jason Statham, Sylvester Stallone, Megan Fox', 'Biệt Đội Đánh Thuê 4 (tựa gốc: Expend4ables) tiếp tục theo chân biệt đội đặc biệt này thực hiện các nhiệm vụ mới, lần này là ngăn chặn ông trùm khủng bố Suarto, với âm mưu buôn lậu vũ khí hạt nhân và kích động chiến tranh giữa 2 phe Nga và Mỹ.', 'Scott Waughs', 'Tiếng Anh', 'Expend4ables', 'Biệt Đội Đánh Thuê 4', 2, 'https://cdn.galaxycine.vn/media/2023/9/18/500x750_1695010127758.jpg', 13, '2023-11-20', 103, 'expend4ables', 'https://www.youtube.com/watch?v=DhlaBO-SwVE', '2024-01-02', 'https://cdn.discordapp.com/attachments/1159668660340789259/1179774559856099368/HorizontalPoster.png?ex=657b01ae&is=65688cae&hm=137be25ce67a9dec90e89b84b6921adea39da6f22caf269cf8c360a0d29c19f0&', 6),
                                                                                                                                                                                                                                                         (7, 'mv-0007', 'Josh O\'Connor, Mike Faist, Zendaya', 'Theo chân ba tay vợt quen biết nhau khi còn là thanh thiếu niên đến khi họ thi đấu trong một giải đấu quần vợt để trở thành người chiến thắng giải Grand Slam nổi tiếng thế giới, đồng thời khơi lại những kỳ phùng địch thủ cũ trong và ngoài sân đấu.', 'Luca Guadagnino', 'Tiếng Anh', 'Challengers', 'NHỮNG KẺ THÁCH ĐẤU', 2, 'https://cdn.galaxycine.vn/media/2023/9/18/500x750_1695010127758.jpg', 13, '2024-01-24', 120, 'challengers', 'https://www.youtube.com/watch?v=eZtOHAkFxgI', '2024-02-05', NULL, 8),
(8, 'mv-0008', 'Georgia Eyers, Dan Ewing, Tim Pocock', 'Sau một biến cố đau thương, Lara liên tục gặp phải những ảo giác đầy kinh hãi và dần mất kiểm soát tinh thần. Những vũ điệu cuồng loạn, sự xuất hiện của quỷ dữ khiến chồng cô đặt niềm tin cứu rỗi linh hồn của vợ vào một nhóm trừ tà. Niềm tin tôn giáo sẽ c', 'Georgia Eyers, Dan Ewing, Tim Pocock', 'Tiếng Anh', 'Godless', 'VŨ ĐIỆU QUỶ DỮ', 0, 'https://cdn.galaxycine.vn/media/2023/9/19/500x750_1695094850730.jpg', 13, '2023-09-28', 91, 'godless', '', '2023-10-20', NULL, 0);

--
-- Dumping data for table `movies_images`
--

INSERT INTO `movies_images` (`id`, `extension`, `path`, `movie_id`) VALUES
(1, 'jpg', 'https://media.lottecinemavn.com/Media/MovieFile/MovieImg/202310/11268_105_100003.jpg', 5),
(2, 'jpg', 'https://media.lottecinemavn.com/Media/MovieFile/MovieImg/202310/11268_105_100002.jpg', 5),
(27, 'png', 'https://cdn.discordapp.com/attachments/1159668660340789259/1162014363264241785/chips-removebg-preview.png?ex=653a6535&is=6527f035&hm=2233f8fe7cbcfebc547f598ac966fbb6049c37670e2a765a01b0df278e9baaa9&', 5),
(28, 'png', 'https://cdn.discordapp.com/attachments/1159668660340789259/1170797108794773635/6-nuggets.png?ex=655a58c7&is=6547e3c7&hm=1300493c54a63ce99d63c7921e2c040bcb3f44620c764f2a60a64ec8fcd02afd&', 1),
(29, 'png', 'https://cdn.discordapp.com/attachments/1159668660340789259/1170803129068044408/both-water.png?ex=655a5e62&is=6547e962&hm=cab20d4f38230cd1e3d15cc5d325e461a3d1728619d59d504c83d4a15cfe1181&', 5),
(30, 'png', 'https://cdn.discordapp.com/attachments/1159668660340789259/1170896724773044234/mcchicken-deluxe.png?ex=655ab58d&is=6548408d&hm=1ebd63eb051031a8d0fa31fefd6745fc7323eaa26759cf26f04153fd6e15219c&', 5),
(38, 'webp', 'https://cdn.discordapp.com/attachments/1157347026003050566/1181084806642151504/Anatomy-of-an-API-request-1-1.webp?ex=657fc5f1&is=656d50f1&hm=b96d01ccc654c0ba5c7c7129f8f3021d7aa3b630a18062d07af145ff8b06aa33&', 5);

--
-- Dumping data for table `movies_seq`
--

INSERT INTO `movies_seq` (`next_val`) VALUES
(1);

--
-- Dumping data for table `movie_genre`
--

INSERT INTO `movie_genre` (`movie_genre_id`, `movie_id`) VALUES
(1, 4),
(1, 8),
(2, 5),
(4, 2),
(5, 1),
(5, 3),
(5, 6),
(6, 1),
(6, 8);

--
-- Dumping data for table `movie_genres`
--

INSERT INTO `movie_genres` (`id`, `name`) VALUES
(1, 'Kinh dị'),
(2, 'Hài'),
(3, 'Hoạt hình'),
(4, 'Hành động'),
(5, 'Tình cảm'),
(6, 'Gia đình');

--
-- Dumping data for table `movie_genres_seq`
--

INSERT INTO `movie_genres_seq` (`next_val`) VALUES
(51);

--
-- Dumping data for table `permissions`
--

INSERT INTO `permissions` (`id`, `name`, `decription`) VALUES
(1, 'READ_ROLE', NULL),
(2, 'READ_MANAGER', NULL),
(3, 'SAVE_BILL', NULL),
(4, 'READ_BILL', NULL),
(5, 'SAVE_MOVIE', NULL),
(6, 'DELETE_MOVIE', NULL),
(7, 'UPDATE_ROLE', NULL),
(8, 'CREATE_ROLE', NULL),
(9, 'DELETE_ROLE', NULL),
(10, 'READ_PERMISSION', NULL),
(11, 'SAVE_CINEMA', NULL),
(12, 'DELETE_CINEMA', NULL),
(13, 'SAVE_MOVIE_GENRE', NULL),
(14, 'DELETE_MOVIE_GENRE', NULL),
(15, 'DELETE_ROOM', NULL),
(16, 'SAVE_SEAT', NULL),
(17, 'DELETE_SEAT', NULL),
(18, 'SAVE_SEAT_TYPE', NULL),
(19, 'DELETE_SEAT_TYPE', NULL),
(20, 'SAVE_SHOWTIME', NULL),
(21, 'DELETE_SHOWTIME', NULL),
(22, 'READ_USER', NULL),
(23, 'SAVE_USER', NULL),
(24, 'DELETE_USER', NULL);

--
-- Dumping data for table `permissions_seq`
--

INSERT INTO `permissions_seq` (`next_val`) VALUES
(1);

--
-- Dumping data for table `roles`
--

INSERT INTO `roles` (`id`, `name`) VALUES
(1, 'ROLE_ADMIN'),
(2, 'ROLE_MANAGER'),
(3, 'GUEST'),
(4, 'testtttttt'),
(5, 'testtt');

--
-- Dumping data for table `roles_seq`
--

INSERT INTO `roles_seq` (`next_val`) VALUES
(101);

--
-- Dumping data for table `role_permission`
--

INSERT INTO `role_permission` (`role_id`, `permission_id`) VALUES
(1, 1),
(1, 2),
(1, 3),
(1, 4),
(1, 5),
(1, 6),
(1, 7),
(1, 8),
(1, 9),
(1, 10),
(1, 11),
(1, 12),
(1, 13),
(1, 14),
(1, 15),
(1, 16),
(1, 17),
(1, 18),
(1, 19),
(1, 20),
(1, 21),
(1, 22),
(1, 23),
(1, 24),
(2, 2);

--
-- Dumping data for table `rooms`
--

INSERT INTO `rooms` (`id`, `code`, `available_seats`, `name`, `total_seats`, `cinema_id`, `slug`) VALUES
(1, 'Room001', 150, 'RAP 1-Trung Chánh', 150, 1, NULL),
(2, 'Room002', 150, 'RAP 2-Trung Chánh', 150, 1, NULL),
(3, 'Room003', 150, 'RAP 3-Trung Chánh', 150, 1, NULL),
(4, 'Room004', 150, 'RAP 1-Nguyễn Du', 150, 2, NULL),
(5, 'Room005', 150, 'RAP 2-Nguyễn Du', 150, 2, NULL),
(6, 'Room006', 150, 'RAP 1', 150, 3, NULL),
(7, 'Room007', 150, 'RAP 2', 150, 3, NULL);

--
-- Dumping data for table `rooms_seq`
--

INSERT INTO `rooms_seq` (`next_val`) VALUES
(1);

--
-- Dumping data for table `seats`
--

INSERT INTO `seats` (`id`, `row_name`, `row_index`, `status`, `room_id`, `seat_type_id`) VALUES
(1, 'A', 1, 1, 1, 1),
(2, 'A', 2, 1, 1, 1),
(3, 'A', 3, 1, 1, 1),
(4, 'A', 4, 1, 1, 1),
(5, 'A', 5, 1, 1, 1),
(6, 'A', 6, 1, 1, 1),
(7, 'A', 7, 1, 1, 1),
(8, 'A', 8, 1, 1, 1),
(9, 'A', 9, 1, 1, 1),
(10, 'A', 10, 1, 1, 1),
(11, 'A', 11, 1, 1, 1),
(12, 'A', 12, 1, 1, 1),
(13, 'A', 13, 1, 1, 1),
(14, 'A', 14, 1, 1, 1),
(15, 'A', 15, 1, 1, 1),
(16, 'B', 1, 1, 1, 1),
(17, 'B', 2, 1, 1, 1),
(18, 'B', 3, 1, 1, 1),
(19, 'B', 4, 1, 1, 1),
(20, 'B', 5, 1, 1, 1),
(21, 'B', 6, 1, 1, 1),
(22, 'B', 7, 1, 1, 1),
(23, 'B', 8, 1, 1, 1),
(24, 'B', 9, 1, 1, 1),
(25, 'B', 10, 1, 1, 1),
(26, 'B', 11, 1, 1, 1),
(27, 'B', 12, 1, 1, 1),
(28, 'B', 13, 1, 1, 1),
(29, 'B', 14, 1, 1, 1),
(30, 'B', 15, 1, 1, 1),
(31, 'C', 1, 1, 1, 1),
(32, 'C', 2, 1, 1, 1),
(33, 'C', 3, 1, 1, 1),
(34, 'C', 4, 1, 1, 1),
(35, 'C', 5, 1, 1, 1),
(36, 'C', 6, 1, 1, 1),
(37, 'C', 7, 1, 1, 1),
(38, 'C', 8, 1, 1, 1),
(39, 'C', 9, 1, 1, 1),
(40, 'C', 10, 1, 1, 1),
(41, 'C', 11, 1, 1, 1),
(42, 'C', 12, 1, 1, 1),
(43, 'C', 13, 1, 1, 1),
(44, 'C', 14, 1, 1, 1),
(45, 'C', 15, 1, 1, 1),
(46, 'D', 1, 1, 1, 1),
(47, 'D', 2, 1, 1, 1),
(48, 'D', 3, 1, 1, 1),
(49, 'D', 4, 1, 1, 1),
(50, 'D', 5, 1, 1, 1),
(51, 'D', 6, 1, 1, 1),
(52, 'D', 7, 1, 1, 1),
(53, 'D', 8, 1, 1, 1),
(54, 'D', 9, 1, 1, 1),
(55, 'D', 10, 1, 1, 1),
(56, 'D', 11, 1, 1, 1),
(57, 'D', 12, 1, 1, 1),
(58, 'D', 13, 1, 1, 1),
(59, 'D', 14, 1, 1, 1),
(60, 'D', 15, 1, 1, 1),
(61, 'E', 1, 1, 1, 1),
(62, 'E', 2, 1, 1, 1),
(63, 'E', 3, 1, 1, 1),
(64, 'E', 4, 1, 1, 1),
(65, 'E', 5, 1, 1, 1),
(66, 'E', 6, 1, 1, 2),
(67, 'E', 7, 1, 1, 2),
(68, 'E', 8, 1, 1, 2),
(69, 'E', 9, 1, 1, 2),
(70, 'E', 10, 1, 1, 2),
(71, 'E', 11, 1, 1, 1),
(72, 'E', 12, 1, 1, 1),
(73, 'E', 13, 1, 1, 1),
(74, 'E', 14, 1, 1, 1),
(75, 'E', 15, 1, 1, 1),
(76, 'F', 1, 1, 1, 1),
(77, 'F', 2, 1, 1, 1),
(78, 'F', 3, 1, 1, 1),
(79, 'F', 4, 1, 1, 1),
(80, 'F', 5, 1, 1, 1),
(81, 'F', 6, 1, 1, 2),
(82, 'F', 7, 1, 1, 2),
(83, 'F', 8, 1, 1, 2),
(84, 'F', 9, 1, 1, 2),
(85, 'F', 10, 1, 1, 2),
(86, 'F', 11, 1, 1, 1),
(87, 'F', 12, 1, 1, 1),
(88, 'F', 13, 1, 1, 1),
(89, 'F', 14, 1, 1, 1),
(90, 'F', 15, 1, 1, 1),
(91, 'G', 1, 1, 1, 1),
(92, 'G', 2, 1, 1, 1),
(93, 'G', 3, 1, 1, 1),
(94, 'G', 4, 1, 1, 1),
(95, 'G', 5, 1, 1, 1),
(96, 'G', 6, 1, 1, 2),
(97, 'G', 7, 1, 1, 2),
(98, 'G', 8, 1, 1, 2),
(99, 'G', 9, 1, 1, 2),
(100, 'G', 10, 1, 1, 2),
(101, 'G', 11, 1, 1, 1),
(102, 'G', 12, 1, 1, 1),
(103, 'G', 13, 1, 1, 1),
(104, 'G', 14, 1, 1, 1),
(105, 'G', 15, 1, 1, 1),
(106, 'H', 1, 1, 1, 1),
(107, 'H', 2, 1, 1, 1),
(108, 'H', 3, 1, 1, 1),
(109, 'H', 4, 1, 1, 1),
(110, 'H', 5, 1, 1, 1),
(111, 'H', 6, 1, 1, 2),
(112, 'H', 7, 1, 1, 2),
(113, 'H', 8, 1, 1, 2),
(114, 'H', 9, 1, 1, 2),
(115, 'H', 10, 1, 1, 2),
(116, 'H', 11, 1, 1, 1),
(117, 'H', 12, 1, 1, 1),
(118, 'H', 13, 1, 1, 1),
(119, 'H', 14, 1, 1, 1),
(120, 'H', 15, 1, 1, 1),
(121, 'I', 1, 1, 1, 1),
(122, 'I', 2, 1, 1, 1),
(123, 'I', 3, 1, 1, 1),
(124, 'I', 4, 1, 1, 1),
(125, 'I', 5, 1, 1, 1),
(126, 'I', 6, 1, 1, 1),
(127, 'I', 7, 1, 1, 1),
(128, 'I', 8, 1, 1, 1),
(129, 'I', 9, 1, 1, 1),
(130, 'I', 10, 1, 1, 1),
(131, 'I', 11, 1, 1, 1),
(132, 'I', 12, 1, 1, 1),
(133, 'I', 13, 1, 1, 1),
(134, 'I', 14, 1, 1, 1),
(135, 'I', 15, 1, 1, 1),
(136, 'J', 1, 1, 1, 1),
(137, 'J', 2, 1, 1, 1),
(138, 'J', 3, 1, 1, 1),
(139, 'J', 4, 1, 1, 1),
(140, 'J', 5, 1, 1, 1),
(141, 'J', 6, 1, 1, 1),
(142, 'J', 7, 1, 1, 1),
(143, 'J', 8, 1, 1, 1),
(144, 'J', 9, 1, 1, 1),
(145, 'J', 10, 1, 1, 1),
(146, 'J', 11, 1, 1, 1),
(147, 'J', 12, 1, 1, 1),
(148, 'J', 13, 1, 1, 1),
(149, 'J', 14, 1, 1, 1),
(150, 'J', 15, 1, 1, 1),
(151, 'A', 1, 1, 2, 1),
(152, 'A', 2, 1, 2, 1),
(153, 'A', 3, 1, 2, 1),
(154, 'A', 4, 1, 2, 1),
(155, 'A', 5, 1, 2, 1),
(156, 'A', 6, 1, 2, 1),
(157, 'A', 7, 1, 2, 1),
(158, 'A', 8, 1, 2, 1),
(159, 'A', 9, 1, 2, 1),
(160, 'A', 10, 1, 2, 1),
(161, 'A', 11, 1, 2, 1),
(162, 'A', 12, 1, 2, 1),
(163, 'A', 13, 1, 2, 1),
(164, 'A', 14, 1, 2, 1),
(165, 'A', 15, 1, 2, 1),
(166, 'B', 1, 1, 2, 1),
(167, 'B', 2, 1, 2, 1),
(168, 'B', 3, 1, 2, 1),
(169, 'B', 4, 1, 2, 1),
(170, 'B', 5, 1, 2, 1),
(171, 'B', 6, 1, 2, 1),
(172, 'B', 7, 1, 2, 1),
(173, 'B', 8, 1, 2, 1),
(174, 'B', 9, 1, 2, 1),
(175, 'B', 10, 1, 2, 1),
(176, 'B', 11, 1, 2, 1),
(177, 'B', 12, 1, 2, 1),
(178, 'B', 13, 1, 2, 1),
(179, 'B', 14, 1, 2, 1),
(180, 'B', 15, 1, 2, 1),
(181, 'C', 1, 1, 2, 1),
(182, 'C', 2, 1, 2, 1),
(183, 'C', 3, 1, 2, 1),
(184, 'C', 4, 1, 2, 1),
(185, 'C', 5, 1, 2, 1),
(186, 'C', 6, 1, 2, 1),
(187, 'C', 7, 1, 2, 1),
(188, 'C', 8, 1, 2, 1),
(189, 'C', 9, 1, 2, 1),
(190, 'C', 10, 1, 2, 1),
(191, 'C', 11, 1, 2, 1),
(192, 'C', 12, 1, 2, 1),
(193, 'C', 13, 1, 2, 1),
(194, 'C', 14, 1, 2, 1),
(195, 'C', 15, 1, 2, 1),
(196, 'D', 1, 1, 2, 1),
(197, 'D', 2, 1, 2, 1),
(198, 'D', 3, 1, 2, 1),
(199, 'D', 4, 1, 2, 1),
(200, 'D', 5, 1, 2, 1),
(201, 'D', 6, 1, 2, 1),
(202, 'D', 7, 1, 2, 1),
(203, 'D', 8, 1, 2, 1),
(204, 'D', 9, 1, 2, 1),
(205, 'D', 10, 1, 2, 1),
(206, 'D', 11, 1, 2, 1),
(207, 'D', 12, 1, 2, 1),
(208, 'D', 13, 1, 2, 1),
(209, 'D', 14, 1, 2, 1),
(210, 'D', 15, 1, 2, 1),
(211, 'E', 1, 1, 2, 1),
(212, 'E', 2, 1, 2, 1),
(213, 'E', 3, 1, 2, 1),
(214, 'E', 4, 1, 2, 1),
(215, 'E', 5, 1, 2, 1),
(216, 'E', 6, 1, 2, 2),
(217, 'E', 7, 1, 2, 2),
(218, 'E', 8, 1, 2, 2),
(219, 'E', 9, 1, 2, 2),
(220, 'E', 10, 1, 2, 2),
(221, 'E', 11, 1, 2, 1),
(222, 'E', 12, 1, 2, 1),
(223, 'E', 13, 1, 2, 1),
(224, 'E', 14, 1, 2, 1),
(225, 'E', 15, 1, 2, 1),
(226, 'F', 1, 1, 2, 1),
(227, 'F', 2, 1, 2, 1),
(228, 'F', 3, 1, 2, 1),
(229, 'F', 4, 1, 2, 1),
(230, 'F', 5, 1, 2, 1),
(231, 'F', 6, 1, 2, 2),
(232, 'F', 7, 1, 2, 2),
(233, 'F', 8, 1, 2, 2),
(234, 'F', 9, 1, 2, 2),
(235, 'F', 10, 1, 2, 2),
(236, 'F', 11, 1, 2, 1),
(237, 'F', 12, 1, 2, 1),
(238, 'F', 13, 1, 2, 1),
(239, 'F', 14, 1, 2, 1),
(240, 'F', 15, 1, 2, 1),
(241, 'G', 1, 1, 2, 1),
(242, 'G', 2, 1, 2, 1),
(243, 'G', 3, 1, 2, 1),
(244, 'G', 4, 1, 2, 1),
(245, 'G', 5, 1, 2, 1),
(246, 'G', 6, 1, 2, 2),
(247, 'G', 7, 1, 2, 2),
(248, 'G', 8, 1, 2, 2),
(249, 'G', 9, 1, 2, 2),
(250, 'G', 10, 1, 2, 2),
(251, 'G', 11, 1, 2, 1),
(252, 'G', 12, 1, 2, 1),
(253, 'G', 13, 1, 2, 1),
(254, 'G', 14, 1, 2, 1),
(255, 'G', 15, 1, 2, 1),
(256, 'H', 1, 1, 2, 1),
(257, 'H', 2, 1, 2, 1),
(258, 'H', 3, 1, 2, 1),
(259, 'H', 4, 1, 2, 1),
(260, 'H', 5, 1, 2, 1),
(261, 'H', 6, 1, 2, 2),
(262, 'H', 7, 1, 2, 2),
(263, 'H', 8, 1, 2, 2),
(264, 'H', 9, 1, 2, 2),
(265, 'H', 10, 1, 2, 2),
(266, 'H', 11, 1, 2, 1),
(267, 'H', 12, 1, 2, 1),
(268, 'H', 13, 1, 2, 1),
(269, 'H', 14, 1, 2, 1),
(270, 'H', 15, 1, 2, 1),
(271, 'I', 1, 1, 2, 1),
(272, 'I', 2, 1, 2, 1),
(273, 'I', 3, 1, 2, 1),
(274, 'I', 4, 1, 2, 1),
(275, 'I', 5, 1, 2, 1),
(276, 'I', 6, 1, 2, 1),
(277, 'I', 7, 1, 2, 1),
(278, 'I', 8, 1, 2, 1),
(279, 'I', 9, 1, 2, 1),
(280, 'I', 10, 1, 2, 1),
(281, 'I', 11, 1, 2, 1),
(282, 'I', 12, 1, 2, 1),
(283, 'I', 13, 1, 2, 1),
(284, 'I', 14, 1, 2, 1),
(285, 'I', 15, 1, 2, 1),
(286, 'J', 1, 1, 2, 1),
(287, 'J', 2, 1, 2, 1),
(288, 'J', 3, 1, 2, 1),
(289, 'J', 4, 1, 2, 1),
(290, 'J', 5, 1, 2, 1),
(291, 'J', 6, 1, 2, 1),
(292, 'J', 7, 1, 2, 1),
(293, 'J', 8, 1, 2, 1),
(294, 'J', 9, 1, 2, 1),
(295, 'J', 10, 1, 2, 1),
(296, 'J', 11, 1, 2, 1),
(297, 'J', 12, 1, 2, 1),
(298, 'J', 13, 1, 2, 1),
(299, 'J', 14, 1, 2, 1),
(300, 'J', 15, 1, 2, 1),
(301, 'A', 1, 1, 3, 1),
(302, 'A', 2, 1, 3, 1),
(303, 'A', 3, 1, 3, 1),
(304, 'A', 4, 1, 3, 1),
(305, 'A', 5, 1, 3, 1),
(306, 'A', 6, 1, 3, 1),
(307, 'A', 7, 1, 3, 1),
(308, 'A', 8, 1, 3, 1),
(309, 'A', 9, 1, 3, 1),
(310, 'A', 10, 1, 3, 1),
(311, 'A', 11, 1, 3, 1),
(312, 'A', 12, 1, 3, 1),
(313, 'A', 13, 1, 3, 1),
(314, 'A', 14, 1, 3, 1),
(315, 'A', 15, 1, 3, 1),
(316, 'B', 1, 1, 3, 1),
(317, 'B', 2, 1, 3, 1),
(318, 'B', 3, 1, 3, 1),
(319, 'B', 4, 1, 3, 1),
(320, 'B', 5, 1, 3, 1),
(321, 'B', 6, 1, 3, 1),
(322, 'B', 7, 1, 3, 1),
(323, 'B', 8, 1, 3, 1),
(324, 'B', 9, 1, 3, 1),
(325, 'B', 10, 1, 3, 1),
(326, 'B', 11, 1, 3, 1),
(327, 'B', 12, 1, 3, 1),
(328, 'B', 13, 1, 3, 1),
(329, 'B', 14, 1, 3, 1),
(330, 'B', 15, 1, 3, 1),
(331, 'C', 1, 1, 3, 1),
(332, 'C', 2, 1, 3, 1),
(333, 'C', 3, 1, 3, 1),
(334, 'C', 4, 1, 3, 1),
(335, 'C', 5, 1, 3, 1),
(336, 'C', 6, 1, 3, 1),
(337, 'C', 7, 1, 3, 1),
(338, 'C', 8, 1, 3, 1),
(339, 'C', 9, 1, 3, 1),
(340, 'C', 10, 1, 3, 1),
(341, 'C', 11, 1, 3, 1),
(342, 'C', 12, 1, 3, 1),
(343, 'C', 13, 1, 3, 1),
(344, 'C', 14, 1, 3, 1),
(345, 'C', 15, 1, 3, 1),
(346, 'D', 1, 1, 3, 1),
(347, 'D', 2, 1, 3, 1),
(348, 'D', 3, 1, 3, 1),
(349, 'D', 4, 1, 3, 1),
(350, 'D', 5, 1, 3, 1),
(351, 'D', 6, 1, 3, 1),
(352, 'D', 7, 1, 3, 1),
(353, 'D', 8, 1, 3, 1),
(354, 'D', 9, 1, 3, 1),
(355, 'D', 10, 1, 3, 1),
(356, 'D', 11, 1, 3, 1),
(357, 'D', 12, 1, 3, 1),
(358, 'D', 13, 1, 3, 1),
(359, 'D', 14, 1, 3, 1),
(360, 'D', 15, 1, 3, 1),
(361, 'E', 1, 1, 3, 1),
(362, 'E', 2, 1, 3, 1),
(363, 'E', 3, 1, 3, 1),
(364, 'E', 4, 1, 3, 1),
(365, 'E', 5, 1, 3, 1),
(366, 'E', 6, 1, 3, 2),
(367, 'E', 7, 1, 3, 2),
(368, 'E', 8, 1, 3, 2),
(369, 'E', 9, 1, 3, 2),
(370, 'E', 10, 1, 3, 2),
(371, 'E', 11, 1, 3, 1),
(372, 'E', 12, 1, 3, 1),
(373, 'E', 13, 1, 3, 1),
(374, 'E', 14, 1, 3, 1),
(375, 'E', 15, 1, 3, 1),
(376, 'F', 1, 1, 3, 1),
(377, 'F', 2, 1, 3, 1),
(378, 'F', 3, 1, 3, 1),
(379, 'F', 4, 1, 3, 1),
(380, 'F', 5, 1, 3, 1),
(381, 'F', 6, 1, 3, 2),
(382, 'F', 7, 1, 3, 2),
(383, 'F', 8, 1, 3, 2),
(384, 'F', 9, 1, 3, 2),
(385, 'F', 10, 1, 3, 2),
(386, 'F', 11, 1, 3, 1),
(387, 'F', 12, 1, 3, 1),
(388, 'F', 13, 1, 3, 1),
(389, 'F', 14, 1, 3, 1),
(390, 'F', 15, 1, 3, 1),
(391, 'G', 1, 1, 3, 1),
(392, 'G', 2, 1, 3, 1),
(393, 'G', 3, 1, 3, 1),
(394, 'G', 4, 1, 3, 1),
(395, 'G', 5, 1, 3, 1),
(396, 'G', 6, 1, 3, 2),
(397, 'G', 7, 1, 3, 2),
(398, 'G', 8, 1, 3, 2),
(399, 'G', 9, 1, 3, 2),
(400, 'G', 10, 1, 3, 2),
(401, 'G', 11, 1, 3, 1),
(402, 'G', 12, 1, 3, 1),
(403, 'G', 13, 1, 3, 1),
(404, 'G', 14, 1, 3, 1),
(405, 'G', 15, 1, 3, 1),
(406, 'H', 1, 1, 3, 1),
(407, 'H', 2, 1, 3, 1),
(408, 'H', 3, 1, 3, 1),
(409, 'H', 4, 1, 3, 1),
(410, 'H', 5, 1, 3, 1),
(411, 'H', 6, 1, 3, 2),
(412, 'H', 7, 1, 3, 2),
(413, 'H', 8, 1, 3, 2),
(414, 'H', 9, 1, 3, 2),
(415, 'H', 10, 1, 3, 2),
(416, 'H', 11, 1, 3, 1),
(417, 'H', 12, 1, 3, 1),
(418, 'H', 13, 1, 3, 1),
(419, 'H', 14, 1, 3, 1),
(420, 'H', 15, 1, 3, 1),
(421, 'I', 1, 1, 3, 1),
(422, 'I', 2, 1, 3, 1),
(423, 'I', 3, 1, 3, 1),
(424, 'I', 4, 1, 3, 1),
(425, 'I', 5, 1, 3, 1),
(426, 'I', 6, 1, 3, 1),
(427, 'I', 7, 1, 3, 1),
(428, 'I', 8, 1, 3, 1),
(429, 'I', 9, 1, 3, 1),
(430, 'I', 10, 1, 3, 1),
(431, 'I', 11, 1, 3, 1),
(432, 'I', 12, 1, 3, 1),
(433, 'I', 13, 1, 3, 1),
(434, 'I', 14, 1, 3, 1),
(435, 'I', 15, 1, 3, 1),
(436, 'J', 1, 1, 3, 1),
(437, 'J', 2, 1, 3, 1),
(438, 'J', 3, 1, 3, 1),
(439, 'J', 4, 1, 3, 1),
(440, 'J', 5, 1, 3, 1),
(441, 'J', 6, 1, 3, 1),
(442, 'J', 7, 1, 3, 1),
(443, 'J', 8, 1, 3, 1),
(444, 'J', 9, 1, 3, 1),
(445, 'J', 10, 1, 3, 1),
(446, 'J', 11, 1, 3, 1),
(447, 'J', 12, 1, 3, 1),
(448, 'J', 13, 1, 3, 1),
(449, 'J', 14, 1, 3, 1),
(450, 'J', 15, 1, 3, 1),
(451, 'A', 1, 1, 4, 1),
(452, 'A', 2, 1, 4, 1),
(453, 'A', 3, 1, 4, 1),
(454, 'A', 4, 1, 4, 1),
(455, 'A', 5, 1, 4, 1),
(456, 'A', 6, 1, 4, 1),
(457, 'A', 7, 1, 4, 1),
(458, 'A', 8, 1, 4, 1),
(459, 'A', 9, 1, 4, 1),
(460, 'A', 10, 1, 4, 1),
(461, 'A', 11, 1, 4, 1),
(462, 'A', 12, 1, 4, 1),
(463, 'A', 13, 1, 4, 1),
(464, 'A', 14, 1, 4, 1),
(465, 'A', 15, 1, 4, 1),
(466, 'B', 1, 1, 4, 1),
(467, 'B', 2, 1, 4, 1),
(468, 'B', 3, 1, 4, 1),
(469, 'B', 4, 1, 4, 1),
(470, 'B', 5, 1, 4, 1),
(471, 'B', 6, 1, 4, 1),
(472, 'B', 7, 1, 4, 1),
(473, 'B', 8, 1, 4, 1),
(474, 'B', 9, 1, 4, 1),
(475, 'B', 10, 1, 4, 1),
(476, 'B', 11, 1, 4, 1),
(477, 'B', 12, 1, 4, 1),
(478, 'B', 13, 1, 4, 1),
(479, 'B', 14, 1, 4, 1),
(480, 'B', 15, 1, 4, 1),
(481, 'C', 1, 1, 4, 1),
(482, 'C', 2, 1, 4, 1),
(483, 'C', 3, 1, 4, 1),
(484, 'C', 4, 1, 4, 1),
(485, 'C', 5, 1, 4, 1),
(486, 'C', 6, 1, 4, 1),
(487, 'C', 7, 1, 4, 1),
(488, 'C', 8, 1, 4, 1),
(489, 'C', 9, 1, 4, 1),
(490, 'C', 10, 1, 4, 1),
(491, 'C', 11, 1, 4, 1),
(492, 'C', 12, 1, 4, 1),
(493, 'C', 13, 1, 4, 1),
(494, 'C', 14, 1, 4, 1),
(495, 'C', 15, 1, 4, 1),
(496, 'D', 1, 1, 4, 1),
(497, 'D', 2, 1, 4, 1),
(498, 'D', 3, 1, 4, 1),
(499, 'D', 4, 1, 4, 1),
(500, 'D', 5, 1, 4, 1),
(501, 'D', 6, 1, 4, 1),
(502, 'D', 7, 1, 4, 1),
(503, 'D', 8, 1, 4, 1),
(504, 'D', 9, 1, 4, 1),
(505, 'D', 10, 1, 4, 1),
(506, 'D', 11, 1, 4, 1),
(507, 'D', 12, 1, 4, 1),
(508, 'D', 13, 1, 4, 1),
(509, 'D', 14, 1, 4, 1),
(510, 'D', 15, 1, 4, 1),
(511, 'E', 1, 1, 4, 1),
(512, 'E', 2, 1, 4, 1),
(513, 'E', 3, 1, 4, 1),
(514, 'E', 4, 1, 4, 1),
(515, 'E', 5, 1, 4, 1),
(516, 'E', 6, 1, 4, 2),
(517, 'E', 7, 1, 4, 2),
(518, 'E', 8, 1, 4, 2),
(519, 'E', 9, 1, 4, 2),
(520, 'E', 10, 1, 4, 2),
(521, 'E', 11, 1, 4, 1),
(522, 'E', 12, 1, 4, 1),
(523, 'E', 13, 1, 4, 1),
(524, 'E', 14, 1, 4, 1),
(525, 'E', 15, 1, 4, 1),
(526, 'F', 1, 1, 4, 1),
(527, 'F', 2, 1, 4, 1),
(528, 'F', 3, 1, 4, 1),
(529, 'F', 4, 1, 4, 1),
(530, 'F', 5, 1, 4, 1),
(531, 'F', 6, 1, 4, 2),
(532, 'F', 7, 1, 4, 2),
(533, 'F', 8, 1, 4, 2),
(534, 'F', 9, 1, 4, 2),
(535, 'F', 10, 1, 4, 2),
(536, 'F', 11, 1, 4, 1),
(537, 'F', 12, 1, 4, 1),
(538, 'F', 13, 1, 4, 1),
(539, 'F', 14, 1, 4, 1),
(540, 'F', 15, 1, 4, 1),
(541, 'G', 1, 1, 4, 1),
(542, 'G', 2, 1, 4, 1),
(543, 'G', 3, 1, 4, 1),
(544, 'G', 4, 1, 4, 1),
(545, 'G', 5, 1, 4, 1),
(546, 'G', 6, 1, 4, 2),
(547, 'G', 7, 1, 4, 2),
(548, 'G', 8, 1, 4, 2),
(549, 'G', 9, 1, 4, 2),
(550, 'G', 10, 1, 4, 2),
(551, 'G', 11, 1, 4, 1),
(552, 'G', 12, 1, 4, 1),
(553, 'G', 13, 1, 4, 1),
(554, 'G', 14, 1, 4, 1),
(555, 'G', 15, 1, 4, 1),
(556, 'H', 1, 1, 4, 1),
(557, 'H', 2, 1, 4, 1),
(558, 'H', 3, 1, 4, 1),
(559, 'H', 4, 1, 4, 1),
(560, 'H', 5, 1, 4, 1),
(561, 'H', 6, 1, 4, 2),
(562, 'H', 7, 1, 4, 2),
(563, 'H', 8, 1, 4, 2),
(564, 'H', 9, 1, 4, 2),
(565, 'H', 10, 1, 4, 2),
(566, 'H', 11, 1, 4, 1),
(567, 'H', 12, 1, 4, 1),
(568, 'H', 13, 1, 4, 1),
(569, 'H', 14, 1, 4, 1),
(570, 'H', 15, 1, 4, 1),
(571, 'I', 1, 1, 4, 1),
(572, 'I', 2, 1, 4, 1),
(573, 'I', 3, 1, 4, 1),
(574, 'I', 4, 1, 4, 1),
(575, 'I', 5, 1, 4, 1),
(576, 'I', 6, 1, 4, 1),
(577, 'I', 7, 1, 4, 1),
(578, 'I', 8, 1, 4, 1),
(579, 'I', 9, 1, 4, 1),
(580, 'I', 10, 1, 4, 1),
(581, 'I', 11, 1, 4, 1),
(582, 'I', 12, 1, 4, 1),
(583, 'I', 13, 1, 4, 1),
(584, 'I', 14, 1, 4, 1),
(585, 'I', 15, 1, 4, 1),
(586, 'J', 1, 1, 4, 1),
(587, 'J', 2, 1, 4, 1),
(588, 'J', 3, 1, 4, 1),
(589, 'J', 4, 1, 4, 1),
(590, 'J', 5, 1, 4, 1),
(591, 'J', 6, 1, 4, 1),
(592, 'J', 7, 1, 4, 1),
(593, 'J', 8, 1, 4, 1),
(594, 'J', 9, 1, 4, 1),
(595, 'J', 10, 1, 4, 1),
(596, 'J', 11, 1, 4, 1),
(597, 'J', 12, 1, 4, 1),
(598, 'J', 13, 1, 4, 1),
(599, 'J', 14, 1, 4, 1),
(600, 'J', 15, 1, 4, 1),
(601, 'A', 1, 1, 5, 1),
(602, 'A', 2, 1, 5, 1),
(603, 'A', 3, 1, 5, 1),
(604, 'A', 4, 1, 5, 1),
(605, 'A', 5, 1, 5, 1),
(606, 'A', 6, 1, 5, 1),
(607, 'A', 7, 1, 5, 1),
(608, 'A', 8, 1, 5, 1),
(609, 'A', 9, 1, 5, 1),
(610, 'A', 10, 1, 5, 1),
(611, 'A', 11, 1, 5, 1),
(612, 'A', 12, 1, 5, 1),
(613, 'A', 13, 1, 5, 1),
(614, 'A', 14, 1, 5, 1),
(615, 'A', 15, 1, 5, 1),
(616, 'B', 1, 1, 5, 1),
(617, 'B', 2, 1, 5, 1),
(618, 'B', 3, 1, 5, 1),
(619, 'B', 4, 1, 5, 1),
(620, 'B', 5, 1, 5, 1),
(621, 'B', 6, 1, 5, 1),
(622, 'B', 7, 1, 5, 1),
(623, 'B', 8, 1, 5, 1),
(624, 'B', 9, 1, 5, 1),
(625, 'B', 10, 1, 5, 1),
(626, 'B', 11, 1, 5, 1),
(627, 'B', 12, 1, 5, 1),
(628, 'B', 13, 1, 5, 1),
(629, 'B', 14, 1, 5, 1),
(630, 'B', 15, 1, 5, 1),
(631, 'C', 1, 1, 5, 1),
(632, 'C', 2, 1, 5, 1),
(633, 'C', 3, 1, 5, 1),
(634, 'C', 4, 1, 5, 1),
(635, 'C', 5, 1, 5, 1),
(636, 'C', 6, 1, 5, 1),
(637, 'C', 7, 1, 5, 1),
(638, 'C', 8, 1, 5, 1),
(639, 'C', 9, 1, 5, 1),
(640, 'C', 10, 1, 5, 1),
(641, 'C', 11, 1, 5, 1),
(642, 'C', 12, 1, 5, 1),
(643, 'C', 13, 1, 5, 1),
(644, 'C', 14, 1, 5, 1),
(645, 'C', 15, 1, 5, 1),
(646, 'D', 1, 1, 5, 1),
(647, 'D', 2, 1, 5, 1),
(648, 'D', 3, 1, 5, 1),
(649, 'D', 4, 1, 5, 1),
(650, 'D', 5, 1, 5, 1),
(651, 'D', 6, 1, 5, 1),
(652, 'D', 7, 1, 5, 1),
(653, 'D', 8, 1, 5, 1),
(654, 'D', 9, 1, 5, 1),
(655, 'D', 10, 1, 5, 1),
(656, 'D', 11, 1, 5, 1),
(657, 'D', 12, 1, 5, 1),
(658, 'D', 13, 1, 5, 1),
(659, 'D', 14, 1, 5, 1),
(660, 'D', 15, 1, 5, 1),
(661, 'E', 1, 1, 5, 1),
(662, 'E', 2, 1, 5, 1),
(663, 'E', 3, 1, 5, 1),
(664, 'E', 4, 1, 5, 1),
(665, 'E', 5, 1, 5, 1),
(666, 'E', 6, 1, 5, 2),
(667, 'E', 7, 1, 5, 2),
(668, 'E', 8, 1, 5, 2),
(669, 'E', 9, 1, 5, 2),
(670, 'E', 10, 1, 5, 2),
(671, 'E', 11, 1, 5, 1),
(672, 'E', 12, 1, 5, 1),
(673, 'E', 13, 1, 5, 1),
(674, 'E', 14, 1, 5, 1),
(675, 'E', 15, 1, 5, 1),
(676, 'F', 1, 1, 5, 1),
(677, 'F', 2, 1, 5, 1),
(678, 'F', 3, 1, 5, 1),
(679, 'F', 4, 1, 5, 1),
(680, 'F', 5, 1, 5, 1),
(681, 'F', 6, 1, 5, 2),
(682, 'F', 7, 1, 5, 2),
(683, 'F', 8, 1, 5, 2),
(684, 'F', 9, 1, 5, 2),
(685, 'F', 10, 1, 5, 2),
(686, 'F', 11, 1, 5, 1),
(687, 'F', 12, 1, 5, 1),
(688, 'F', 13, 1, 5, 1),
(689, 'F', 14, 1, 5, 1),
(690, 'F', 15, 1, 5, 1),
(691, 'G', 1, 1, 5, 1),
(692, 'G', 2, 1, 5, 1),
(693, 'G', 3, 1, 5, 1),
(694, 'G', 4, 1, 5, 1),
(695, 'G', 5, 1, 5, 1),
(696, 'G', 6, 1, 5, 2),
(697, 'G', 7, 1, 5, 2),
(698, 'G', 8, 1, 5, 2),
(699, 'G', 9, 1, 5, 2),
(700, 'G', 10, 1, 5, 2),
(701, 'G', 11, 1, 5, 1),
(702, 'G', 12, 1, 5, 1),
(703, 'G', 13, 1, 5, 1),
(704, 'G', 14, 1, 5, 1),
(705, 'G', 15, 1, 5, 1),
(706, 'H', 1, 1, 5, 1),
(707, 'H', 2, 1, 5, 1),
(708, 'H', 3, 1, 5, 1),
(709, 'H', 4, 1, 5, 1),
(710, 'H', 5, 1, 5, 1),
(711, 'H', 6, 1, 5, 2),
(712, 'H', 7, 1, 5, 2),
(713, 'H', 8, 1, 5, 2),
(714, 'H', 9, 1, 5, 2),
(715, 'H', 10, 1, 5, 2),
(716, 'H', 11, 1, 5, 1),
(717, 'H', 12, 1, 5, 1),
(718, 'H', 13, 1, 5, 1),
(719, 'H', 14, 1, 5, 1),
(720, 'H', 15, 1, 5, 1),
(721, 'I', 1, 1, 5, 1),
(722, 'I', 2, 1, 5, 1),
(723, 'I', 3, 1, 5, 1),
(724, 'I', 4, 1, 5, 1),
(725, 'I', 5, 1, 5, 1),
(726, 'I', 6, 1, 5, 1),
(727, 'I', 7, 1, 5, 1),
(728, 'I', 8, 1, 5, 1),
(729, 'I', 9, 1, 5, 1),
(730, 'I', 10, 1, 5, 1),
(731, 'I', 11, 1, 5, 1),
(732, 'I', 12, 1, 5, 1),
(733, 'I', 13, 1, 5, 1),
(734, 'I', 14, 1, 5, 1),
(735, 'I', 15, 1, 5, 1),
(736, 'J', 1, 1, 5, 1),
(737, 'J', 2, 1, 5, 1),
(738, 'J', 3, 1, 5, 1),
(739, 'J', 4, 1, 5, 1),
(740, 'J', 5, 1, 5, 1),
(741, 'J', 6, 1, 5, 1),
(742, 'J', 7, 1, 5, 1),
(743, 'J', 8, 1, 5, 1),
(744, 'J', 9, 1, 5, 1),
(745, 'J', 10, 1, 5, 1),
(746, 'J', 11, 1, 5, 1),
(747, 'J', 12, 1, 5, 1),
(748, 'J', 13, 1, 5, 1),
(749, 'J', 14, 1, 5, 1),
(750, 'J', 15, 1, 5, 1),
(779, 'A', 1, 1, 6, 1),
(780, 'A', 2, 1, 6, 1),
(781, 'A', 3, 1, 6, 1),
(782, 'A', 4, 1, 6, 1),
(783, 'A', 5, 1, 6, 1),
(784, 'A', 6, 1, 6, 1),
(785, 'A', 7, 1, 6, 1),
(786, 'A', 8, 1, 6, 1),
(787, 'A', 9, 1, 6, 1),
(788, 'A', 10, 1, 6, 1),
(789, 'A', 11, 1, 6, 1),
(790, 'A', 12, 1, 6, 1),
(791, 'A', 13, 1, 6, 1),
(792, 'A', 14, 1, 6, 1),
(793, 'A', 15, 1, 6, 1),
(794, 'B', 1, 1, 6, 1),
(795, 'B', 2, 1, 6, 1),
(796, 'B', 3, 1, 6, 1),
(797, 'B', 4, 1, 6, 1),
(798, 'B', 5, 1, 6, 1),
(799, 'B', 6, 1, 6, 1),
(800, 'B', 7, 1, 6, 1),
(801, 'B', 8, 1, 6, 1),
(802, 'B', 9, 1, 6, 1),
(803, 'B', 10, 1, 6, 1),
(804, 'B', 11, 1, 6, 1),
(805, 'B', 12, 1, 6, 1),
(806, 'B', 13, 1, 6, 1),
(807, 'B', 14, 1, 6, 1),
(808, 'B', 15, 1, 6, 1),
(809, 'C', 1, 1, 6, 1),
(810, 'C', 2, 1, 6, 1),
(811, 'C', 3, 1, 6, 1),
(812, 'C', 4, 1, 6, 1),
(813, 'C', 5, 1, 6, 1),
(814, 'C', 6, 1, 6, 1),
(815, 'C', 7, 1, 6, 1),
(816, 'C', 8, 1, 6, 1),
(817, 'C', 9, 1, 6, 1),
(818, 'C', 10, 1, 6, 1),
(819, 'C', 11, 1, 6, 1),
(820, 'C', 12, 1, 6, 1),
(821, 'C', 13, 1, 6, 1),
(822, 'C', 14, 1, 6, 1),
(823, 'C', 15, 1, 6, 1),
(824, 'D', 1, 1, 6, 1),
(825, 'D', 2, 1, 6, 1),
(826, 'D', 3, 1, 6, 1),
(827, 'D', 4, 1, 6, 1),
(828, 'D', 5, 1, 6, 1),
(829, 'D', 6, 1, 6, 1),
(830, 'D', 7, 1, 6, 1),
(831, 'D', 8, 1, 6, 1),
(832, 'D', 9, 1, 6, 1),
(833, 'D', 10, 1, 6, 1),
(834, 'D', 11, 1, 6, 1),
(835, 'D', 12, 1, 6, 1),
(836, 'D', 13, 1, 6, 1),
(837, 'D', 14, 1, 6, 1),
(838, 'D', 15, 1, 6, 1),
(839, 'E', 1, 1, 6, 1),
(840, 'E', 2, 1, 6, 1),
(841, 'E', 3, 1, 6, 1),
(842, 'E', 4, 1, 6, 1),
(843, 'E', 5, 1, 6, 1),
(844, 'E', 6, 1, 6, 1),
(845, 'E', 7, 1, 6, 1),
(846, 'E', 8, 1, 6, 1),
(847, 'E', 9, 1, 6, 1),
(848, 'E', 10, 1, 6, 1),
(849, 'E', 11, 1, 6, 1),
(850, 'E', 12, 1, 6, 1),
(851, 'E', 13, 1, 6, 1),
(852, 'E', 14, 1, 6, 1),
(853, 'E', 15, 1, 6, 1),
(854, 'F', 1, 1, 6, 1),
(855, 'F', 2, 1, 6, 1),
(856, 'F', 3, 1, 6, 1),
(857, 'F', 4, 1, 6, 1),
(858, 'F', 5, 1, 6, 1),
(859, 'F', 6, 1, 6, 1),
(860, 'F', 7, 1, 6, 1),
(861, 'F', 8, 1, 6, 1),
(862, 'F', 9, 1, 6, 1),
(863, 'F', 10, 1, 6, 1),
(864, 'F', 11, 1, 6, 1),
(865, 'F', 12, 1, 6, 1),
(866, 'F', 13, 1, 6, 1),
(867, 'F', 14, 1, 6, 1),
(868, 'F', 15, 1, 6, 1),
(869, 'G', 1, 1, 6, 1),
(870, 'G', 2, 1, 6, 1),
(871, 'G', 3, 1, 6, 1),
(872, 'G', 4, 1, 6, 1),
(873, 'G', 5, 1, 6, 1),
(874, 'G', 6, 1, 6, 1),
(875, 'G', 7, 1, 6, 1),
(876, 'G', 8, 1, 6, 1),
(877, 'G', 9, 1, 6, 1),
(878, 'G', 10, 1, 6, 1),
(879, 'G', 11, 1, 6, 1),
(880, 'G', 12, 1, 6, 1),
(881, 'G', 13, 1, 6, 1),
(882, 'G', 14, 1, 6, 1),
(883, 'G', 15, 1, 6, 1),
(884, 'H', 1, 1, 6, 1),
(885, 'H', 2, 1, 6, 1),
(886, 'H', 3, 1, 6, 1),
(887, 'H', 4, 1, 6, 1),
(888, 'H', 5, 1, 6, 1),
(889, 'H', 6, 1, 6, 1),
(890, 'H', 7, 1, 6, 1),
(891, 'H', 8, 1, 6, 1),
(892, 'H', 9, 1, 6, 1),
(893, 'H', 10, 1, 6, 1),
(894, 'H', 11, 1, 6, 1),
(895, 'H', 12, 1, 6, 1),
(896, 'H', 13, 1, 6, 1),
(897, 'H', 14, 1, 6, 1),
(898, 'H', 15, 1, 6, 1),
(899, 'I', 1, 1, 6, 1),
(900, 'I', 2, 1, 6, 1),
(901, 'I', 3, 1, 6, 1),
(902, 'I', 4, 1, 6, 1),
(903, 'I', 5, 1, 6, 1),
(904, 'I', 6, 1, 6, 1),
(905, 'I', 7, 1, 6, 1),
(906, 'I', 8, 1, 6, 1),
(907, 'I', 9, 1, 6, 1),
(908, 'I', 10, 1, 6, 1),
(909, 'I', 11, 1, 6, 1),
(910, 'I', 12, 1, 6, 1),
(911, 'I', 13, 1, 6, 1),
(912, 'I', 14, 1, 6, 1),
(913, 'I', 15, 1, 6, 1),
(914, 'J', 1, 1, 6, 1),
(915, 'J', 2, 1, 6, 1),
(916, 'J', 3, 1, 6, 1),
(917, 'J', 4, 1, 6, 1),
(918, 'J', 5, 1, 6, 1),
(919, 'J', 6, 1, 6, 1),
(920, 'J', 7, 1, 6, 1),
(921, 'J', 8, 1, 6, 1),
(922, 'J', 9, 1, 6, 1),
(923, 'J', 10, 1, 6, 1),
(924, 'J', 11, 1, 6, 1),
(925, 'J', 12, 1, 6, 1),
(926, 'J', 13, 1, 6, 1),
(927, 'J', 14, 1, 6, 1),
(928, 'J', 15, 1, 6, 1),
(1079, 'A', 1, 1, 7, 1),
(1080, 'A', 2, 1, 7, 1),
(1081, 'A', 3, 1, 7, 1),
(1082, 'A', 4, 1, 7, 1),
(1083, 'A', 5, 1, 7, 1),
(1084, 'A', 6, 1, 7, 1),
(1085, 'A', 7, 1, 7, 1),
(1086, 'A', 8, 1, 7, 1),
(1087, 'A', 9, 1, 7, 1),
(1088, 'A', 10, 1, 7, 1),
(1089, 'A', 11, 1, 7, 1),
(1090, 'A', 12, 1, 7, 1),
(1091, 'A', 13, 1, 7, 1),
(1092, 'A', 14, 1, 7, 1),
(1093, 'A', 15, 1, 7, 1),
(1094, 'B', 1, 1, 7, 1),
(1095, 'B', 2, 1, 7, 1),
(1096, 'B', 3, 1, 7, 1),
(1097, 'B', 4, 1, 7, 1),
(1098, 'B', 5, 1, 7, 1),
(1099, 'B', 6, 1, 7, 1),
(1100, 'B', 7, 1, 7, 1),
(1101, 'B', 8, 1, 7, 1),
(1102, 'B', 9, 1, 7, 1),
(1103, 'B', 10, 1, 7, 1),
(1104, 'B', 11, 1, 7, 1),
(1105, 'B', 12, 1, 7, 1),
(1106, 'B', 13, 1, 7, 1),
(1107, 'B', 14, 1, 7, 1),
(1108, 'B', 15, 1, 7, 1),
(1109, 'C', 1, 1, 7, 1),
(1110, 'C', 2, 1, 7, 1),
(1111, 'C', 3, 1, 7, 1),
(1112, 'C', 4, 1, 7, 1),
(1113, 'C', 5, 1, 7, 1),
(1114, 'C', 6, 1, 7, 1),
(1115, 'C', 7, 1, 7, 1),
(1116, 'C', 8, 1, 7, 1),
(1117, 'C', 9, 1, 7, 1),
(1118, 'C', 10, 1, 7, 1),
(1119, 'C', 11, 1, 7, 1),
(1120, 'C', 12, 1, 7, 1),
(1121, 'C', 13, 1, 7, 1),
(1122, 'C', 14, 1, 7, 1),
(1123, 'C', 15, 1, 7, 1),
(1124, 'D', 1, 1, 7, 1),
(1125, 'D', 2, 1, 7, 1),
(1126, 'D', 3, 1, 7, 1),
(1127, 'D', 4, 1, 7, 1),
(1128, 'D', 5, 1, 7, 1),
(1129, 'D', 6, 1, 7, 1),
(1130, 'D', 7, 1, 7, 1),
(1131, 'D', 8, 1, 7, 1),
(1132, 'D', 9, 1, 7, 1),
(1133, 'D', 10, 1, 7, 1),
(1134, 'D', 11, 1, 7, 1),
(1135, 'D', 12, 1, 7, 1),
(1136, 'D', 13, 1, 7, 1),
(1137, 'D', 14, 1, 7, 1),
(1138, 'D', 15, 1, 7, 1),
(1139, 'E', 1, 1, 7, 1),
(1140, 'E', 2, 1, 7, 1),
(1141, 'E', 3, 1, 7, 1),
(1142, 'E', 4, 1, 7, 1),
(1143, 'E', 5, 1, 7, 1),
(1144, 'E', 6, 1, 7, 1),
(1145, 'E', 7, 1, 7, 1),
(1146, 'E', 8, 1, 7, 1),
(1147, 'E', 9, 1, 7, 1),
(1148, 'E', 10, 1, 7, 1),
(1149, 'E', 11, 1, 7, 1),
(1150, 'E', 12, 1, 7, 1),
(1151, 'E', 13, 1, 7, 1),
(1152, 'E', 14, 1, 7, 1),
(1153, 'E', 15, 1, 7, 1),
(1154, 'F', 1, 1, 7, 1),
(1155, 'F', 2, 1, 7, 1),
(1156, 'F', 3, 1, 7, 1),
(1157, 'F', 4, 1, 7, 1),
(1158, 'F', 5, 1, 7, 1),
(1159, 'F', 6, 1, 7, 1),
(1160, 'F', 7, 1, 7, 1),
(1161, 'F', 8, 1, 7, 1),
(1162, 'F', 9, 1, 7, 1),
(1163, 'F', 10, 1, 7, 1),
(1164, 'F', 11, 1, 7, 1),
(1165, 'F', 12, 1, 7, 1),
(1166, 'F', 13, 1, 7, 1),
(1167, 'F', 14, 1, 7, 1),
(1168, 'F', 15, 1, 7, 1),
(1169, 'G', 1, 1, 7, 1),
(1170, 'G', 2, 1, 7, 1),
(1171, 'G', 3, 1, 7, 1),
(1172, 'G', 4, 1, 7, 1),
(1173, 'G', 5, 1, 7, 1),
(1174, 'G', 6, 1, 7, 1),
(1175, 'G', 7, 1, 7, 1),
(1176, 'G', 8, 1, 7, 1),
(1177, 'G', 9, 1, 7, 1),
(1178, 'G', 10, 1, 7, 1),
(1179, 'G', 11, 1, 7, 1),
(1180, 'G', 12, 1, 7, 1),
(1181, 'G', 13, 1, 7, 1),
(1182, 'G', 14, 1, 7, 1),
(1183, 'G', 15, 1, 7, 1),
(1184, 'H', 1, 1, 7, 1),
(1185, 'H', 2, 1, 7, 1),
(1186, 'H', 3, 1, 7, 1),
(1187, 'H', 4, 1, 7, 1),
(1188, 'H', 5, 1, 7, 1),
(1189, 'H', 6, 1, 7, 1),
(1190, 'H', 7, 1, 7, 1),
(1191, 'H', 8, 1, 7, 1),
(1192, 'H', 9, 1, 7, 1),
(1193, 'H', 10, 1, 7, 1),
(1194, 'H', 11, 1, 7, 1),
(1195, 'H', 12, 1, 7, 1),
(1196, 'H', 13, 1, 7, 1),
(1197, 'H', 14, 1, 7, 1),
(1198, 'H', 15, 1, 7, 1),
(1199, 'I', 1, 1, 7, 1),
(1200, 'I', 2, 1, 7, 1),
(1201, 'I', 3, 1, 7, 1),
(1202, 'I', 4, 1, 7, 1),
(1203, 'I', 5, 1, 7, 1),
(1204, 'I', 6, 1, 7, 1),
(1205, 'I', 7, 1, 7, 1),
(1206, 'I', 8, 1, 7, 1),
(1207, 'I', 9, 1, 7, 1),
(1208, 'I', 10, 1, 7, 1),
(1209, 'I', 11, 1, 7, 1),
(1210, 'I', 12, 1, 7, 1),
(1211, 'I', 13, 1, 7, 1),
(1212, 'I', 14, 1, 7, 1),
(1213, 'I', 15, 1, 7, 1),
(1214, 'J', 1, 1, 7, 1),
(1215, 'J', 2, 1, 7, 1),
(1216, 'J', 3, 1, 7, 1),
(1217, 'J', 4, 1, 7, 1),
(1218, 'J', 5, 1, 7, 1),
(1219, 'J', 6, 1, 7, 1),
(1220, 'J', 7, 1, 7, 1),
(1221, 'J', 8, 1, 7, 1),
(1222, 'J', 9, 1, 7, 1),
(1223, 'J', 10, 1, 7, 1),
(1224, 'J', 11, 1, 7, 1),
(1225, 'J', 12, 1, 7, 1),
(1226, 'J', 13, 1, 7, 1),
(1227, 'J', 14, 1, 7, 1),
(1228, 'J', 15, 1, 7, 1);

--
-- Dumping data for table `seats_seq`
--

INSERT INTO `seats_seq` (`next_val`) VALUES
(1);

--
-- Dumping data for table `seat_types`
--

INSERT INTO `seat_types` (`id`, `name`, `price`) VALUES
(1, 'Normal', 50000),
(2, 'VIP', 70000),
(3, 'string', 0);

--
-- Dumping data for table `seat_types_seq`
--

INSERT INTO `seat_types_seq` (`next_val`) VALUES
(1);

--
-- Dumping data for table `showtimes`
--

INSERT INTO `showtimes` (`id`, `running_time`, `start_date`, `start_time`, `status`, `room_id`, `movie_id`, `code`) VALUES
(113, 149, '2023-12-05', '13:30:00.000000', 1, 2, 3, '00149756-dcee-4202-9553-6da76a19fce0'),
(114, 123, '2023-12-05', '17:30:00.000000', 1, 5, 4, '03f8cc4e-b4fa-475f-a9c6-67e4240fd450'),
(115, 131, '2023-11-28', '16:30:00.000000', 0, 1, 2, '054a0105-e1a3-46c3-9e03-bc3983fce9a9'),
(116, 123, '2023-12-05', '15:15:00.000000', 1, 5, 4, '0622bfbc-e5ab-4493-b967-4254621ff2df'),
(117, 131, '2023-11-28', '14:45:00.000000', 0, 6, 2, '07706194-c525-451d-9efb-ec200a88df2d'),
(118, 133, '2023-12-12', '10:00:00.000000', 1, 1, 6, '0846bb01-ee85-4c90-86c3-482945280a6e'),
(119, 150, '2023-12-05', '12:45:00.000000', 1, 3, 7, '0ad362d5-86d5-4a10-b469-9d9fbd21b7ad'),
(120, 131, '2023-12-04', '17:45:00.000000', 0, 5, 2, '0e385cdb-aa71-4463-be2b-29edc1263b9b'),
(121, 120, '2023-10-28', '13:30:00.000000', 0, 2, 1, '1'),
(122, 120, '2023-10-29', '13:00:00.000000', 0, 1, 1, '123'),
(123, 133, '2023-12-05', '09:00:00.000000', 0, 2, 6, '1445a9b1-7477-4ae9-ab79-a768e0b7894f'),
(124, 131, '2023-12-04', '13:00:00.000000', 0, 2, 2, '14e902b0-a9ee-4537-b379-66bf6c56d5c9'),
(125, 131, '2023-12-04', '08:30:00.000000', 0, 2, 2, '19d1b88d-3f7f-4b37-bf22-5ce346424aaf'),
(126, 120, '2023-10-28', '13:00:00.000000', 0, 4, 1, '2'),
(127, 149, '2023-12-08', '22:00:00.000000', 1, 6, 3, '269c2d83-18d1-418c-8662-df0d997cbba4'),
(128, 133, '2023-12-01', '08:00:00.000000', 0, 1, 6, '28caabee-abb5-42d7-9772-b6d52be89543'),
(129, 133, '2023-11-29', '09:00:00.000000', 0, 3, 6, '2b2c2684-0726-425a-b675-8c7638dfa679'),
(130, 120, '2023-10-28', '16:00:00.000000', 0, 4, 1, '3'),
(131, 131, '2023-12-04', '17:30:00.000000', 0, 2, 2, '342f0a2d-8f8e-46f6-846a-440cfe9c4825'),
(132, 149, '2023-12-07', '09:00:00.000000', 1, 3, 3, '367cb014-ccc3-4329-94e0-641b683b1ffa'),
(133, 148, '2023-11-30', '09:00:00.000000', 0, 2, 5, '3a11aa4b-b324-47a2-9dea-5a1a9defcae7'),
(134, 120, '2023-10-28', '16:00:00.000000', 0, 1, 2, '4'),
(135, 131, '2023-12-05', '00:30:00.000000', 0, 5, 2, '423c70bb-72f8-4549-8cb1-0a3dfe3c0caa'),
(136, 149, '2023-12-09', '10:15:00.000000', 1, 3, 3, '47b7ce72-13da-4050-b560-5fbd21ae9073'),
(137, 131, '2023-12-04', '10:45:00.000000', 0, 2, 2, '4a25f30e-394b-42ce-b5f1-9b48a765e34c'),
(138, 148, '2023-12-01', '17:45:00.000000', 0, 1, 5, '5e89e4f9-5148-4de8-bb22-416b3dcff264'),
(139, 133, '2023-12-05', '22:15:00.000000', 1, 5, 6, '6160107f-386c-4c7e-8b05-96ace678481c'),
(140, 131, '2023-12-05', '10:30:00.000000', 0, 5, 2, '62340799-4965-446f-be95-51bc11422348'),
(141, 148, '2023-12-06', '09:00:00.000000', 1, 1, 5, '62ea7db9-f048-4148-8ee9-e44ab01c8300'),
(142, 131, '2023-12-05', '16:30:00.000000', 1, 6, 2, '63a34907-fda5-44ef-83ad-cc80c7f40356'),
(143, 131, '2023-12-05', '08:15:00.000000', 0, 5, 2, '640be26d-e2ee-412f-a7f9-5d360e55b303'),
(144, 133, '2023-11-29', '16:30:00.000000', 0, 1, 6, '68c438c1-13c8-4fd7-94ee-58634b4747ba'),
(145, 149, '2023-12-07', '09:00:00.000000', 1, 1, 3, '6fcf601d-ff79-4a92-98f0-3b90c242010f'),
(146, 150, '2023-12-05', '12:45:00.000000', 1, 5, 7, '74faae1a-175a-4663-855e-0ec1738f57c2'),
(147, 123, '2023-12-09', '18:15:00.000000', 1, 6, 4, '75bc4720-e22f-4fa7-bbf2-e8f04665a851'),
(148, 123, '2023-12-05', '02:00:00.000000', 0, 6, 4, '77c52cd4-194d-4aed-940d-a96dab7a34ff'),
(149, 131, '2023-11-28', '14:00:00.000000', 0, 5, 2, '7890ab10-aee5-4775-aef4-66b1e6ccaf46'),
(150, 133, '2023-12-06', '11:30:00.000000', 1, 3, 6, '7f54ac19-b166-4b30-b894-4a8d08a2f192'),
(151, 149, '2023-11-30', '14:00:00.000000', 0, 3, 3, '85ab5ae5-9de8-497a-9cbf-17de58b84fe2'),
(152, 148, '2023-12-01', '12:45:00.000000', 0, 1, 5, '86851ee1-dca6-4d3a-ba52-061626460872'),
(153, 131, '2023-12-11', '07:45:00.000000', 1, 1, 2, '86e7d5ba-89e1-4e0b-9ef7-600cf506f805'),
(154, 131, '2023-12-05', '15:45:00.000000', 1, 1, 2, '88fad81a-28ff-4ae9-8565-80415bb6ee9a'),
(155, 131, '2023-12-06', '07:00:00.000000', 1, 4, 2, '8beb89fa-3f45-4458-a21e-cea642e931e9'),
(156, 148, '2023-11-30', '16:30:00.000000', 0, 3, 5, '8c88179c-8495-4641-bbd9-7425db125da9'),
(157, 148, '2023-11-29', '14:00:00.000000', 0, 2, 5, '8e9874a2-e071-4fcc-9f6f-851a8ae4adc0'),
(158, 131, '2023-12-08', '16:30:00.000000', 1, 6, 2, '8f6285b5-20d6-40ae-83ff-985931aea2e2'),
(159, 131, '2023-12-05', '19:45:00.000000', 1, 2, 2, '920c4c8c-2411-4eee-a294-72656c28eda7'),
(160, 131, '2023-12-11', '10:00:00.000000', 1, 1, 2, '92a27614-50fd-4657-a2cc-708c8f1591a5'),
(161, 131, '2023-12-11', '12:15:00.000000', 1, 1, 2, '96065179-2b58-4520-be83-2111134f1fac'),
(162, 131, '2023-12-04', '08:15:00.000000', 0, 5, 2, '96b5093a-3ce7-4dac-9a9d-6bce443b64fd'),
(163, 148, '2023-12-01', '15:15:00.000000', 0, 1, 5, '972b3180-d66b-4185-b41f-52cd81bb5517'),
(164, 150, '2023-12-04', '13:00:00.000000', 0, 1, 7, '9a2d9107-8710-49f9-ba22-38276fe54497'),
(165, 133, '2023-12-05', '09:00:00.000000', 0, 1, 6, '9a6b57e4-4cc9-459b-840c-436f4576d920'),
(166, 149, '2023-12-08', '09:15:00.000000', 1, 3, 3, '9a9d10bf-fb02-4ca5-a453-058e88954311'),
(167, 149, '2023-12-04', '12:45:00.000000', 0, 5, 3, '9d1dea97-d9b9-4dda-bcd8-29e526806493'),
(168, 131, '2023-12-04', '19:45:00.000000', 0, 2, 2, '9e8e0faa-0226-49ac-9422-d28a9a39eb61'),
(169, 133, '2023-12-02', '15:15:00.000000', 0, 1, 6, '9ecac6a8-4b72-4951-8e5a-a748c883e34f'),
(170, 133, '2023-11-28', '18:45:00.000000', 0, 1, 6, 'a2c6bf8d-2167-49c3-9bf7-dbc1918a5754'),
(171, 131, '2023-11-28', '11:45:00.000000', 0, 4, 2, 'b1468b44-e512-4275-81c8-f2b2398c64db'),
(172, 133, '2023-12-05', '15:15:00.000000', 1, 3, 6, 'b2cd0602-6d68-4cb1-856d-5eb548f02a9b'),
(173, 149, '2023-12-04', '15:15:00.000000', 0, 5, 3, 'b4dd0a43-ccdd-4e70-9262-8e673b4ff0e9'),
(174, 133, '2023-12-06', '23:15:00.000000', 1, 4, 6, 'b7872071-2d9b-4a69-8d35-adcdbe0c45de'),
(175, 131, '2023-12-04', '15:15:00.000000', 0, 2, 2, 'c0aa21ff-78ee-479b-8f15-a75e2729d76f'),
(176, 133, '2023-12-05', '13:30:00.000000', 1, 1, 6, 'c406a864-b8d8-4c48-b8ba-c7a8919c34fe'),
(177, 149, '2023-12-04', '15:30:00.000000', 0, 1, 3, 'c447fc6e-b5e8-4e3d-a826-9ab400a0b801'),
(178, 148, '2023-12-01', '10:15:00.000000', 0, 1, 5, 'c6a6b102-f18d-4d1b-b17e-341170b13264'),
(179, 150, '2023-12-13', '12:30:00.000000', 1, 1, 7, 'daf5a711-53ff-47d9-ad27-6ff229006c6b'),
(180, 131, '2023-11-29', '12:00:00.000000', 0, 4, 2, 'db621837-700e-4a1f-98b6-b855b4b2df72'),
(181, 148, '2023-12-05', '19:45:00.000000', 1, 5, 5, 'dcc79ae2-5260-457a-b577-3204a4cf3e3b'),
(182, 133, '2023-12-04', '10:30:00.000000', 0, 5, 6, 'de584427-847a-46f7-8263-bc4fef9c994a'),
(183, 148, '2023-12-06', '18:30:00.000000', 1, 6, 5, 'e02b4957-8860-4048-a0ba-a03627313062'),
(184, 133, '2023-12-05', '11:30:00.000000', 0, 6, 6, 'e0d3cbfb-481e-4dd1-9b2b-b3bb3653add6'),
(185, 133, '2023-12-05', '17:30:00.000000', 1, 2, 6, 'ea674ec8-6094-4e35-8255-e557872bae3e'),
(186, 131, '2023-12-04', '22:15:00.000000', 0, 5, 2, 'ec786d13-dd84-4485-a773-942da7ac0764'),
(187, 123, '2023-12-04', '20:00:00.000000', 0, 5, 4, 'f0bf82c0-326e-4488-a504-cefab3be0512'),
(188, 131, '2023-12-05', '11:15:00.000000', 0, 2, 2, 'f2cab68e-d247-4807-8675-c50309ba9062'),
(189, 131, '2023-12-05', '07:00:00.000000', 0, 4, 2, 'f32c67d6-abf4-43d9-8cfd-0ae40495c5ba'),
(190, 131, '2023-12-05', '09:00:00.000000', 0, 3, 2, 'f59c2920-9f82-49ec-8673-f8e5d7c2ee0f'),
(191, 131, '2023-12-04', '10:45:00.000000', 0, 1, 2, 'f74ddbb4-c34d-4684-97ea-99f7af0f4ef2'),
(192, 133, '2023-12-06', '09:00:00.000000', 1, 3, 6, 'fcb9eeb5-01d7-4521-aa2e-00f4de2534c7'),
(193, 149, '2023-12-06', '08:00:00.000000', 1, 6, 3, 'fd77ae0a-5365-47bd-9d19-9e457c675816'),
(194, 123, '2023-12-05', '11:15:00.000000', 0, 1, 4, 'fe9e5256-eeb1-4af3-9625-6226dce91bef'),
(195, 120, '2023-11-02', '09:00:00.000000', 0, 1, 1, 'Showtime006'),
(196, 120, '2023-11-02', '12:00:00.000000', 0, 1, 1, 'Showtime007'),
(197, 120, '2023-11-02', '15:00:00.000000', 0, 1, 1, 'Showtime008'),
(198, 120, '2023-11-02', '18:00:00.000000', 0, 1, 1, 'Showtime009'),
(199, 120, '2023-11-02', '09:30:00.000000', 0, 2, 1, 'Showtime010'),
(200, 120, '2023-11-03', '21:30:00.000000', 0, 4, 1, 'Showtime011'),
(201, 120, '2023-11-02', '23:30:00.000000', 0, 2, 1, 'Showtime012'),
(202, 120, '2023-11-02', '22:00:00.000000', 0, 2, 1, 'Showtime013'),
(203, 120, '2023-11-01', '09:00:00.000000', 0, 1, 4, 'Showtime014'),
(204, 120, '2023-11-01', '12:00:00.000000', 0, 1, 4, 'Showtime015'),
(205, 120, '2023-11-01', '15:00:00.000000', 0, 1, 4, 'Showtime016'),
(206, 120, '2023-11-01', '18:00:00.000000', 0, 1, 4, 'Showtime017'),
(207, 120, '2023-11-01', '09:30:00.000000', 0, 2, 4, 'Showtime018'),
(208, 120, '2023-11-01', '12:30:00.000000', 0, 2, 4, 'Showtime019'),
(209, 120, '2023-11-04', '09:30:00.000000', 0, 4, 4, 'Showtime020'),
(210, 120, '2023-11-01', '10:30:00.000000', 0, 5, 4, 'Showtime021'),
(211, 120, '2023-11-07', '16:30:00.000000', 0, 4, 1, 'Showtime022'),
(212, 120, '2023-11-02', '23:00:00.000000', 0, 5, 1, 'Showtime023'),
(213, 120, '2023-11-02', '09:30:00.000000', 0, 4, 4, 'Showtime024'),
(214, 120, '2023-11-02', '10:30:00.000000', 0, 5, 4, 'Showtime025'),
(215, 120, '2023-11-01', '13:30:00.000000', 0, 4, 1, 'Showtime026'),
(216, 120, '2023-11-01', '17:00:00.000000', 0, 5, 1, 'Showtime027'),
(217, 136, '2023-11-15', '09:00:00.000000', 0, 1, 1, 'Showtime028'),
(218, 136, '2023-11-15', '11:00:00.000000', 0, 2, 1, 'Showtime029'),
(219, 136, '2023-11-16', '11:30:00.000000', 0, 1, 1, 'Showtime030'),
(220, 136, '2023-11-15', '13:30:00.000000', 0, 2, 1, 'Showtime031'),
(221, 136, '2023-11-25', '14:00:00.000000', 0, 1, 1, 'Showtime032'),
(222, 136, '2023-11-25', '16:30:00.000000', 0, 1, 1, 'Showtime033'),
(223, 123, '2023-11-25', '19:00:00.000000', 0, 1, 4, 'Showtime034'),
(224, 136, '2023-11-25', '21:15:00.000000', 0, 1, 1, 'Showtime035');

--
-- Dumping data for table `showtimes_seq`
--

INSERT INTO `showtimes_seq` (`next_val`) VALUES
(1);

--
-- Dumping data for table `tickets`
--

INSERT INTO `tickets` (`id`, `bill_id`, `showtime_id`, `seat_id`) VALUES
(0x0d1a0762126e361f87a60d9fe0937084, 0xb76524a502bd4c51983286e933863f57, 187, 698),
(0x0eaa267501da3e8b81cdda80180f7b3c, 0x442b8ee77f6d48ae866617a41b9ac882, 133, 170),
(0x0feedaf04073388db39e6dbfe945058c, 0x516cdf92447d46d2b2f713c67985233f, 217, 4),
(0x103331950f8e3f409975d2c089b21a51, 0x442b8ee77f6d48ae866617a41b9ac882, 133, 171),
(0x1bd3a95b48dc310fa1210017f5743c52, 0x78598fef81524cbd9bf821620ce42a45, 202, 167),
(0x1bf4708ee8a5372d8a88b9ec7b8774f3, 0xc86a74f8d7f24afb9675bc306c64e365, 157, 221),
(0x22efebe35c5e3c0393eaa0ec5096342c, 0xd464eb75b912498e809905a9f48ce78b, 223, 148),
(0x24a7f631126f3e15aa40f0f6e00808ff, 0xc86a74f8d7f24afb9675bc306c64e365, 157, 222),
(0x2991b86feaf843ba92f3e636ecf6428a, 0x53db1ce614924807980804a3dc7765c5, 118, 5),
(0x2e5889ab9cd2320cb9d6c866cbf5ad26, 0xe772c5cc982d45a2a3d80e0a7e735fdf, 223, 76),
(0x33e93705b23932c2a3470f1040479da9, 0xe772c5cc982d45a2a3d80e0a7e735fdf, 223, 55),
(0x37cab3ead28731ae82a3174ef8d59d46, 0x577cc36a800e42fb956fd191b5cd6d94, 122, 81),
(0x3eea96cb030b3a99b413c6f956e64704, 0x79e2ac2bd0c14ae0878f5e558d782d3b, 134, 111),
(0x59dda3f9eb7e3abdacb595ad9693da95, 0xc86a74f8d7f24afb9675bc306c64e365, 157, 223),
(0x5a2e76412a6d317e8034377e861f3a62, 0xe772c5cc982d45a2a3d80e0a7e735fdf, 223, 93),
(0x5a7017e75f113f819956621f09619d36, 0x516cdf92447d46d2b2f713c67985233f, 217, 2),
(0x5dfc94554c583a488083daf52da2c314, 0x516cdf92447d46d2b2f713c67985233f, 217, 3),
(0x5e66b73b625937f88df88973d0fe0587, 0x577cc36a800e42fb956fd191b5cd6d94, 122, 82),
(0x76a7e4a26ef63b31b5bd88fcbd927858, 0xb76524a502bd4c51983286e933863f57, 187, 696),
(0x93c1fe57114636d887e8192d98d7a16d, 0xb76524a502bd4c51983286e933863f57, 187, 697),
(0xaa479837989c3799989674d118d75585, 0xd464eb75b912498e809905a9f48ce78b, 223, 149),
(0xafa4aab5a80234e7933c9851f309a0b4, 0x79e2ac2bd0c14ae0878f5e558d782d3b, 134, 113),
(0xb315444b81aa3b77a058736976d88730, 0xd464eb75b912498e809905a9f48ce78b, 223, 145),
(0xb50db180eb1b39c0970bea4de85c8879, 0x79e2ac2bd0c14ae0878f5e558d782d3b, 134, 112),
(0xcc3a92b029a044bcb329fbe2851b79ce, 0x53db1ce614924807980804a3dc7765c5, 118, 3),
(0xdcad3df878923ebe983c8c35d8736825, 0xd464eb75b912498e809905a9f48ce78b, 223, 147),
(0xddcaeb02c95a34f68413334694dd4ced, 0x516cdf92447d46d2b2f713c67985233f, 217, 1),
(0xdebbef4c24153048ab507f9c6a2293a4, 0x6ad7e232c24249a8b658d15dcbf2f353, 133, 155),
(0xe7cc68337f1f3912ab9695fc6a4d278f, 0xc86a74f8d7f24afb9675bc306c64e365, 157, 225),
(0xe93933fc87cd3dd3b8762a1ca83fcb56, 0x6ad7e232c24249a8b658d15dcbf2f353, 133, 156),
(0xed0d52cc16903652b32c37c593d0cb22, 0x577cc36a800e42fb956fd191b5cd6d94, 122, 80),
(0xf37b806c8d8c3a88bd0ef372a187c284, 0xc86a74f8d7f24afb9675bc306c64e365, 157, 224),
(0xfb0f1568b28133f8b49e41b437b085ab, 0xd464eb75b912498e809905a9f48ce78b, 223, 146),
(0xfecb715536303ab1a1481edcf8067328, 0xe772c5cc982d45a2a3d80e0a7e735fdf, 157, 200);

--
-- Dumping data for table `users`
--

INSERT INTO `users` (`id`, `email`, `password`, `date_of_birth`, `role_id`, `verify`, `create_date`, `full_name`, `verify_account`, `verify_mail`, `verify_pass`, `gender`, `phone_number`, `avatar`, `provider_id`, `provider`) VALUES
(0x15f2378dd8a63cb3a0123470dd6758aa, 'hn2666@gmail.com', '$2a$10$iCIcjsW9T6r0havQ1gTLSua3zKSX6vEOW2P6ySNBuivVpID3ya152', NULL, 3, b'0', '2023-12-01 00:37:15.081016', '2sds@', NULL, NULL, NULL, 'UNKNOWN', NULL, 'https://cdn.discordapp.com/attachments/1168144426141499412/1169264779769155594/c6e56503cfdd87da299f72dc416023d4.jpg?ex=6554c5af&is=654250af&hm=440ebc745e441103a1824a80edb22f2d1c371743e8d7a4d413dbbc62eae31554&', NULL, 'LOCAL'),
(0x1df3a4a44c2a425593437c279e7f3d02, 'contact.duynguyen@gmail.com', '123', NULL, NULL, NULL, '2024-06-14 15:39:31.427905', 'Duy Nguyễn Thanh', NULL, NULL, NULL, 'UNKNOWN', NULL, 'https://lh3.googleusercontent.com/a/ACg8ocIM44Vn_Q_RWwG1G1THLqPHwOPk_MPva4b2ghwx8paKSTh0Dg=s96-c', 'google', 'GOOGLE'),
(0x49c64e33d27338efa68c23e1aa16e499, 'nngocsang38@gmail.com', '$2a$10$iCIcjsW9T6r0havQ1gTLSua3zKSX6vEOW2P6ySNBuivVpID3ya152', '2003-08-21', 1, b'1', '2023-10-16 14:20:52.000000', 'Nguyễn Ngọc Sang', NULL, NULL, NULL, 'FEMALE', '0916333333', 'https://cdn.discordapp.com/attachments/1168144426141499412/1179940650066653285/fried-chicken.png?ex=657b9c5d&is=6569275d&hm=0ae4a9a679ee8950ff308033178661b42f948305c6831656315da547afc97af7&', NULL, 'LOCAL'),
(0x57806cf639fa32458a3d066714f57ab2, 'couplenamjin520@gmail.com', '$2a$10$iCIcjsW9T6r0havQ1gTLSua3zKSX6vEOW2P6ySNBuivVpID3ya152', '2003-11-15', 3, b'0', '2023-11-11 13:56:19.000000', 'Nguyễn Yến Vy', NULL, NULL, NULL, 'FEMALE', '0902991511', 'https://cdn.discordapp.com/attachments/1168144426141499412/1169264779769155594/c6e56503cfdd87da299f72dc416023d4.jpg?ex=6554c5af&is=654250af&hm=440ebc745e441103a1824a80edb22f2d1c371743e8d7a4d413dbbc62eae31554&', NULL, 'LOCAL'),
(0x58de8aef2b933db6b210173e93e78674, 'vominhhoang044@gmai', '$2a$10$iCIcjsW9T6r0havQ1gTLSua3zKSX6vEOW2P6ySNBuivVpID3ya152', NULL, 3, b'0', '2023-12-01 00:37:49.636937', 'asdasd', NULL, NULL, NULL, 'UNKNOWN', NULL, 'https://cdn.discordapp.com/attachments/1168144426141499412/1169264779769155594/c6e56503cfdd87da299f72dc416023d4.jpg?ex=6554c5af&is=654250af&hm=440ebc745e441103a1824a80edb22f2d1c371743e8d7a4d413dbbc62eae31554&', NULL, 'LOCAL'),
(0x6870e57db7e04714aecfe9163e417b9d, 'temp.duynguyen@gmail.com', '123', NULL, NULL, NULL, '2024-06-14 14:47:58.549721', 'Duy Nguyễn', NULL, NULL, NULL, 'UNKNOWN', NULL, 'https://lh3.googleusercontent.com/a/ACg8ocLLZyt5YJmPPsJ8ep8G_xFE_ekJwCUD9Q0ivrKNWQPO9qKQhQ=s96-c', 'google', 'GOOGLE'),
(0x76d3c946d2d732249952c6fddb4526a2, 'vmhoafng@gmail.com', '$2a$10$iCIcjsW9T6r0havQ1gTLSua3zKSX6vEOW2P6ySNBuivVpID3ya152', '2023-11-28', 3, b'0', '2023-12-01 01:49:08.239620', 'vmhoafng', NULL, NULL, NULL, 'FEMALE', '1231231231', 'https://cdn.discordapp.com/attachments/1159668660340789259/1179901739789463642/IMG_1657.jpeg?ex=657b7820&is=65690320&hm=d76ee3665b774fd4017eea3f149b0fd4ecebcdf5828116a153b5329b23d6983c&', NULL, 'LOCAL'),
(0x76ea668f6c6b33bd8a9925f7eac2becf, 'admin@gmail.com', '$2a$10$iCIcjsW9T6r0havQ1gTLSua3zKSX6vEOW2P6ySNBuivVpID3ya152', NULL, 1, b'1', '2023-11-23 14:19:45.829821', 'admin', NULL, NULL, NULL, 'UNKNOWN', NULL, 'https://cdn.discordapp.com/attachments/1168144426141499412/1169264779769155594/c6e56503cfdd87da299f72dc416023d4.jpg?ex=6554c5af&is=654250af&hm=440ebc745e441103a1824a80edb22f2d1c371743e8d7a4d413dbbc62eae31554&', NULL, 'LOCAL'),
(0x9028e62088533b129d6582da9585bc8a, 'datnguyenthanh1605@gmail.com', '$2a$10$iCIcjsW9T6r0havQ1gTLSua3zKSX6vEOW2P6ySNBuivVpID3ya152', NULL, 2, b'1', '2023-11-22 12:28:43.561620', 'Thành Đạt Nguyễn', NULL, NULL, NULL, 'UNKNOWN', NULL, 'https://lh3.googleusercontent.com/a/ACg8ocLQ2DimcTxOgv7Z2vu39ZnwfeqMlkKqyBZHgnEUsCYHAxE=s96-c', NULL, 'LOCAL'),
(0x9400d33d87e1389b8472113ae6869c79, 'webcamffff@gmail.com', '$2a$10$iCIcjsW9T6r0havQ1gTLSua3zKSX6vEOW2P6ySNBuivVpID3ya152', NULL, 3, b'0', '2023-12-02 00:01:36.089398', 'Con Cặc Chó Sơn', NULL, NULL, NULL, 'UNKNOWN', NULL, 'https://cdn.discordapp.com/attachments/1168144426141499412/1169264779769155594/c6e56503cfdd87da299f72dc416023d4.jpg?ex=6554c5af&is=654250af&hm=440ebc745e441103a1824a80edb22f2d1c371743e8d7a4d413dbbc62eae31554&', NULL, 'LOCAL'),
(0x97913044f5843cdfaaccf6a41ee91bb3, 'vominhhoang044@gmail.com', '$2a$10$iCIcjsW9T6r0havQ1gTLSua3zKSX6vEOW2P6ySNBuivVpID3ya152', '2003-07-31', 2, b'1', '2023-11-23 13:51:06.169499', 'vmhoafng', NULL, NULL, NULL, 'MALE', '0929829783', 'https://lh3.googleusercontent.com/a/ACg8ocIlPJbedl_pdcvikbIpQZjPy5Yx75TqSZ1V1ElCgl4UkvGq=s96-c', NULL, 'LOCAL'),
(0xd733ff2ae4c6338b8a27c8d80791b5ea, 'datnt.653@gmail.com', '$2a$10$iCIcjsW9T6r0havQ1gTLSua3zKSX6vEOW2P6ySNBuivVpID3ya152', NULL, 3, b'0', '2023-12-01 00:50:36.195262', 'nguyen thanh dat', NULL, NULL, NULL, 'UNKNOWN', NULL, 'https://cdn.discordapp.com/attachments/1168144426141499412/1169264779769155594/c6e56503cfdd87da299f72dc416023d4.jpg?ex=6554c5af&is=654250af&hm=440ebc745e441103a1824a80edb22f2d1c371743e8d7a4d413dbbc62eae31554&', NULL, 'LOCAL'),
(0xe01a333337584090a7158a1359c1b29d, 'thanhduy191103@gmail.com', '123', NULL, NULL, b'1', '2024-05-30 16:58:05.103126', 'Nguyễn Thanh Duy', NULL, NULL, NULL, 'UNKNOWN', NULL, 'https://lh3.googleusercontent.com/a/ACg8ocL1CMdRQBanZL6P2EwxKFD6mdE4nr1_tZmPZ8qicUw5p8bDbw=s96-c', 'google', 'GOOGLE'),
(0xe33ffe0f51753ab0997167196c3fa9dc, 'hn26677@gmail.com', '$2a$10$iCIcjsW9T6r0havQ1gTLSua3zKSX6vEOW2P6ySNBuivVpID3ya152', '2003-11-10', 3, b'0', '2023-11-09 15:06:54.000000', 'Hoang ne', NULL, NULL, NULL, 'UNKNOWN', '09169211111', 'https://cdn.discordapp.com/attachments/1159668660340789259/1177446234722680893/firefox2.jpg?ex=65728942&is=65601442&hm=85442a15f481672359b9af9fe635da65cde8932cf3dfd3a9238c68f97262acbe&', NULL, 'LOCAL'),
(0xfc51f2bf983f31568043c339b41c4431, 'hn266222277@gmail.com', '$2a$10$iCIcjsW9T6r0havQ1gTLSua3zKSX6vEOW2P6ySNBuivVpID3ya152', NULL, 3, b'0', '2023-12-01 00:51:37.739730', 'Son So', NULL, NULL, NULL, 'UNKNOWN', NULL, 'https://cdn.discordapp.com/attachments/1168144426141499412/1169264779769155594/c6e56503cfdd87da299f72dc416023d4.jpg?ex=6554c5af&is=654250af&hm=440ebc745e441103a1824a80edb22f2d1c371743e8d7a4d413dbbc62eae31554&', NULL, 'LOCAL');
SET FOREIGN_KEY_CHECKS=1;
COMMIT;

/*!40101 SET CHARACTER_SET_CLIENT=@OLD_CHARACTER_SET_CLIENT */;
/*!40101 SET CHARACTER_SET_RESULTS=@OLD_CHARACTER_SET_RESULTS */;
/*!40101 SET COLLATION_CONNECTION=@OLD_COLLATION_CONNECTION */;
